Date,Rsum,Lamps,T_inside,CO2,T_Max,T_Avg,T_Min,DP_Max,DP_Avg,DP_Min,H_Max,H_Avg,H_Min,P_Max,P_Avg,P_Min,Produced
7/31/17,2566,0,24.4,573,28.9,22.7,13.9,17.2,14.7,12.8,94,64.3,37,29.7,29.6,29.6,800
8/1/17,2182,0,27,650,33.9,25.4,17.2,21.1,17.3,13.9,94,65,31,29.8,29.7,29.7,716
8/2/17,2390,0,27.6,715,33.9,26.9,18.9,20,18.2,15,100,63.3,34,29.7,29.7,29.6,1125
8/3/17,2239,0,27.1,595,32.2,26.5,20,21.1,18.7,17.2,88,64.5,40,29.6,29.5,29.5,1280
8/4/17,2141,0,27.1,634,33.9,26.6,18.9,22.2,17.9,12.8,100,64,29,29.5,29.4,29.4,1971
8/5/17,2063,0,25.9,624,31.1,25.2,20,20,17.7,12.8,88,65.6,33,29.5,29.4,29.4,3141
8/6/17,1671,0,24.5,674,30,23.8,16.1,20,16.4,13.9,94,65.7,40,29.6,29.6,29.5,2860
8/7/17,360,0,21.6,609,22.8,20.2,16.1,20,18.7,15,100,91,83,29.6,29.6,29.5,2675
8/8/17,1634,0,20.1,553,21.1,17.1,12.8,15,13.6,12.8,100,81.4,64,29.7,29.7,29.6,1325
8/9/17,2531,0,21.8,525,26.1,20.3,13.9,16.1,14.7,12.8,94,72.2,51,29.8,29.8,29.7,1280
8/10/17,2400,0,23.6,527,28.9,22.3,13.9,17.2,14.9,12.8,94,65.7,40,29.8,29.7,29.7,1160
8/11/17,2251,0,25.2,592,31.1,24,15,17.2,15.1,12.2,94,62.2,31,29.7,29.6,29.6,1070
8/12/17,2241,0,25.8,613,32.2,25,16.1,17.8,14.9,11.1,100,59.3,29,29.6,29.5,29.4,1340
8/13/17,2239,0,25.6,606,33.9,25.1,15,16.1,13.3,7.2,94,55.6,20,29.4,29.4,29.4,1180
8/14/17,1364,0,23.5,526,26.1,22.3,17.2,20,17.4,13.9,94,74.7,65,29.6,29.5,29.4,1620
8/15/17,2074,0,23.6,532,27.8,22.6,17.8,18.9,17.1,15,83,71.7,54,29.7,29.7,29.6,1751
8/16/17,2172,0,24.5,542,30,23.9,17.2,18.9,17.4,16.1,100,69.8,43,29.7,29.7,29.6,1620
8/17/17,2189,0,24.1,559,31.1,23.9,15,16.1,14.3,11.1,88,58.2,29,29.7,29.7,29.6,1260
8/18/17,2190,0,23.8,593,32.8,24.1,13.9,15,12.1,7.8,88,52.5,22,29.7,29.7,29.6,1620
8/19/17,2131,0,23.9,642,33.9,24.1,13.9,15,10.1,3.9,94,50.2,16,29.7,29.7,29.6,1720
8/20/17,2223,0,24,602,32.2,24.4,15,12.8,9.8,5,72,43,19,29.7,29.6,29.6,2360
8/21/17,1994,0,23.4,606,32.8,24.6,16.1,17.2,10.3,3.9,88,45.6,16,29.6,29.4,29.4,2100
8/22/17,632,0,19.3,780,18.9,16.3,12.8,17.2,14.6,12.8,100,89.7,73,29.4,29.4,29.3,2000
8/23/17,1503,474,20.6,597,20,14.9,12.2,15,12.3,11.1,100,84,56,29.4,29.3,29.3,1340
8/24/17,1165,474,19.1,663,17.8,13.9,12.2,12.2,10.8,7.2,100,83.7,49,29.6,29.5,29.4,1660
8/25/17,2128,474,21.9,583,25,17.9,11.1,13.9,11.1,7.8,94,67.9,34,29.7,29.6,29.6,920
8/26/17,1784,474,22.9,580,27.2,20.4,12.8,16.1,13.3,11.1,100,66.9,39,29.6,29.6,29.6,1140
8/27/17,1824,474,23.4,596,27.8,20.9,13.9,17.8,15.8,13.9,100,74.9,48,29.6,29.5,29.4,1540
8/28/17,991,474,19.9,603,18.9,16.7,12.2,17.8,13.7,8.9,100,82.4,64,29.5,29.4,29.3,1760
8/29/17,1106,533,20.2,716,15,13.6,12.8,8.9,8.8,7.8,77,72.8,63,29.7,29.6,29.6,1164
8/30/17,663,1068,20.4,721,15,12.9,8.9,8.9,7.7,7.2,87,71.1,59,29.7,29.7,29.7,840
8/31/17,1550,585,20.2,606,18.9,12.8,5,10,7.8,5,100,74.7,49,29.7,29.7,29.6,1265
9/1/17,1647,534,21,641,20,14.6,6.1,12.2,9.6,6.1,100,74.1,49,29.6,29.6,29.4,1591
9/2/17,1141,650,21.5,606,22.2,16.6,12.2,15,13.7,11.1,100,84.2,60,29.5,29.4,29.4,1337
9/3/17,1727,534,22.8,588,26.1,17.7,8.9,15,11.3,8.9,100,71.8,36,29.5,29.4,29.4,1550
9/4/17,1006,789,23,586,25,18.6,12.8,16.1,14.2,12.2,100,77.8,50,29.4,29.4,29.3,1352
9/5/17,927,782,20.6,604,18.9,15.1,12.8,13.9,11.7,10,100,81.7,56,29.4,29.4,29.4,1371
9/6/17,514,914,20.2,692,16.1,13.4,12.2,13.9,11.4,8.9,100,86.9,77,29.4,29.3,29.3,1216
9/7/17,923,824,20.3,710,17.2,13.8,11.1,15,11,7.2,100,84.5,55,29.4,29.4,29.3,1365
9/8/17,1252,844,20.9,633,18.9,14.5,10,11.1,9.4,7.8,94,73.1,52,29.6,29.5,29.4,2060
9/9/17,1856,534,22.4,715,25,16.1,7.2,12.8,9.9,7.2,100,71.8,38,29.6,29.5,29.5,2120
9/10/17,1560,534,23.3,648,27.2,20.1,12.8,13.9,11.9,8.9,94,62.8,34,29.5,29.5,29.4,3440
9/11/17,1736,534,23.8,667,27.8,20.5,12.8,17.2,13.9,11.1,88,67.3,48,29.5,29.5,29.4,4600
9/12/17,1634,534,24.1,608,27.8,21.6,13.9,16.1,13.4,11.1,94,62.9,35,29.4,29.3,29.1,5495
9/13/17,618,952,22,611,20,17.8,12.8,17.2,13.6,10,100,76.7,56,29.4,29.3,29.1,4911
9/14/17,1731,533,23.3,684,27.2,18,7.8,10,8.6,7.2,100,60.2,30,29.4,29.4,29.4,4680
9/15/17,1269,637,21.9,650,22.2,17,10,12.8,10.1,6.1,88,65.1,43,29.6,29.4,29.3,4571
9/16/17,1348,534,22.2,712,22.8,15.1,5,8.9,6.7,3.9,100,61.6,31,29.7,29.7,29.6,4950
9/17/17,1643,533,24.3,678,31.1,22.4,13.9,12.2,9.3,6.1,72,45.3,25,29.6,29.5,29.4,4200
9/18/17,1537,548,23.3,654,23.9,19.8,13.9,12.2,8.5,5,64,49.1,29,29.6,29.4,29.3,4610
9/19/17,1696,533,22.4,644,21.1,14.9,7.2,11.1,6.3,3.9,88,59.1,33,29.7,29.6,29.6,4110
9/20/17,544,884,21.5,692,22.8,15.9,12.2,12.2,10.6,8.9,100,73.3,41,29.6,29.5,29.4,3135
9/21/17,1349,566,23.8,663,30,21.2,13.9,15,10.9,8.9,77,54.3,31,29.4,29.4,29.3,2720
9/22/17,1482,534,24.3,589,30,24.2,18.9,13.9,9.8,5,68,43.3,20,29.5,29.4,29.4,3101
9/23/17,716,889,21.5,651,22.2,16.8,12.2,15,10.1,7.2,88,66.4,41,29.7,29.6,29.5,3745
9/24/17,236,1008,21.4,712,15,13.5,12.2,11.1,8.9,7.2,88,74.7,59,29.9,29.8,29.7,3090
9/25/17,1425,538,21.6,715,22.8,15.8,8.9,7.8,5.6,2.8,82,54.4,27,30,29.9,29.9,3397
9/26/17,1561,534,21.3,759,18.9,13.3,7.8,5,4.1,1.1,81,56.2,30,30.1,30,30,4070
9/27/17,1503,534,21.2,856,16.1,11.2,5,7.2,4.1,1.1,82,63.6,42,30.2,30.1,30.1,5420
9/28/17,1537,534,21.3,930,15,7.7,1.1,2.2,0.2,-2.2,87,62.5,33,30.2,30.2,30.2,4710
9/29/17,1521,534,21.2,885,15,6.7,-1.1,2.2,-0.4,-2.2,100,66,34,30.2,30.1,30,4760
9/30/17,378,1009,21.6,862,7.8,5.1,0,3.9,1.9,0,100,80.5,66,30,30,29.9,6080
10/1/17,358,1009,21.7,863,10,8.3,7.2,3.9,3.4,2.2,81,72.1,58,30,30,29.9,5160
10/2/17,481,1009,21.7,844,10,7.3,1.1,5,2.6,-1.1,93,74.4,47,30,30,29.9,4620
10/3/17,1194,550,21.7,1017,13.9,7,-2.2,2.2,-0.1,-2.2,100,65,38,29.9,29.8,29.7,4931
10/4/17,272,1009,21.7,827,11.1,9.6,7.8,10,7.4,3.9,100,86.8,66,29.7,29.7,29.6,4760
10/5/17,524,889,21.5,811,15,10.9,7.8,11.1,8.8,7.2,100,88.3,63,29.6,29.3,29.1,4349
10/6/17,365,990,21.3,802,12.2,10,7.2,10,7.7,5,100,86.3,67,29.4,29.1,28.9,4232
10/7/17,1011,719,21.4,846,13.9,7.9,2.8,7.2,5.4,2.2,100,85.2,55,29.6,29.5,29.4,3560
10/8/17,238,975,21.4,857,8.9,5.3,0,8.9,5.3,0,100,99.6,93,29.6,29.4,29.2,3440
10/9/17,748,916,21.4,869,12.2,9.1,6.1,8.9,5.9,2.2,100,82.8,54,29.5,29.3,29,3190
10/10/17,1173,757,21.7,870,13.9,7.9,2.8,5,3.1,1.1,100,74.1,44,29.6,29.5,29.5,2330
10/11/17,666,933,21.6,886,12.8,8.6,2.8,11.1,6.6,2.8,100,88.2,71,29.6,29.6,29.5,2970
10/12/17,474,1070,22,886,16.1,12.2,10,12.8,11.2,10,100,93.4,77,29.6,29.5,29.5,2680
10/13/17,606,942,21.5,873,12.8,11.7,8.9,11.1,7.9,3.9,94,79.3,54,29.5,29.4,29.4,1615
10/14/17,346,1070,21.6,885,10,9.1,7.8,8.9,6.9,3.9,100,86.7,66,29.6,29.5,29.4,2870
10/15/17,413,1069,21.5,857,17.2,11.8,7.8,13.9,10.3,7.2,100,90.9,63,29.6,29.5,29.4,2770
10/16/17,880,674,21.6,938,15,10.3,7.2,8.9,7.6,7.2,100,84.3,59,29.8,29.7,29.6,2360
10/17/17,559,1026,21.6,805,16.1,12.2,7.8,12.8,10.7,7.2,100,91.1,72,29.8,29.7,29.6,2501
10/18/17,975,700,22.1,767,20,11.7,6.1,13.9,10.4,6.1,100,93.4,68,29.7,29.6,29.6,2660
10/19/17,670,858,21,673,20,12.4,7.2,13.9,10.7,7.2,100,90.5,64,29.6,29.6,29.5,3741
10/20/17,369,778,21.6,789,13.9,11.1,7.8,10,8.2,6.1,94,83.3,72,29.7,29.6,29.6,4231
10/21/17,342,1069,21.6,792,12.2,8.7,6.1,8.9,6.8,5,100,87.8,82,29.7,29.6,29.4,4430
10/22/17,694,754,21.5,1006,8.9,4.3,0,6.1,1.2,-2.2,100,82.2,50,29.7,29.6,29.4,3840
10/23/17,666,777,21.5,903,6.1,2.4,-2.8,2.2,-0.4,-3.9,100,82,66,29.7,29.6,29.6,4080
10/24/17,357,1194,21.4,886,6.1,3.2,0,2.2,-0.1,-2.2,100,79.5,65,29.9,29.8,29.6,4120
10/25/17,850,1034,21.5,947,6.1,0,-3.9,-1.1,-2.1,-3.9,100,87.7,57,29.9,29.9,29.9,4741
10/26/17,181,1194,21.6,831,8.9,4.4,-2.2,8.9,4.1,-2.2,100,97.6,87,29.9,29.6,29.5,4700
10/27/17,360,1194,21.6,796,12.2,8.6,6.1,7.8,6.9,6.1,100,89.2,72,29.5,29.4,29.3,5063
10/28/17,238,1194,21.3,815,8.9,5.7,1.1,7.8,5.1,0,100,95.6,81,29.3,29.2,29.1,4570
10/29/17,215,1193,21.5,832,8.9,6.8,2.8,6.1,4.7,2.2,100,87,71,29.1,28.8,28.5,4890
10/30/17,274,1194,21.6,856,6.1,4.3,2.2,6.1,2.9,1.1,100,90.6,76,28.9,28.6,28.4,4260
10/31/17,204,1194,21.8,826,3.9,2.9,2.2,1.1,-0.6,-2.8,93,77.7,65,29.3,29.1,28.9,4760
11/1/17,723,1162,21.6,856,6.1,3.2,0,5,0,-2.8,100,81.6,57,29.5,29.4,29.4,5060
11/2/17,179,1193,21.6,724,8.9,7.4,5,8.9,6.7,5,100,95.6,93,29.4,29.3,29.3,4570
11/3/17,259,1194,21.5,781,10,8.7,7.8,8.9,8.1,7.8,100,96.2,87,29.5,29.3,29.2,4621
11/4/17,237,1194,21.5,932,8.9,7.8,6.1,7.8,6.9,5,100,93.8,82,29.8,29.7,29.5,4560
11/5/17,143,1194,21.6,799,8.9,7.4,6.1,7.2,6.4,5,100,92.2,82,29.8,29.8,29.7,4811
11/6/17,182,1194,21.5,825,7.2,6.2,3.9,6.1,3.6,1.1,93,83.8,76,29.9,29.8,29.8,4500
11/7/17,108,1194,21.6,826,3.9,2.4,2.2,1.1,0.6,0,93,88.5,81,30,29.9,29.9,5770
11/8/17,112,1194,21.5,829,2.8,2.2,1.1,2.8,1.3,0,100,94.8,87,30,30,30,6126
11/9/17,111,1194,21.5,922,6.1,4.3,2.8,6.1,3.9,2.8,100,97.7,93,30,29.9,29.8,6411
11/10/17,107,1194,21.5,813,7.8,6.2,5,6.1,5.4,3.9,100,94.7,81,29.8,29.7,29.6,6299
11/11/17,369,1163,21.5,811,11.1,8.1,5,7.8,6.1,3.9,100,88.3,62,29.5,29.4,29.3,6620
11/12/17,109,1194,21.5,830,5,1.8,0,5,1.6,0,100,98.5,93,29.4,29.3,29.2,6910
11/13/17,167,1194,21.7,844,7.8,3.1,-1.1,7.8,2.7,-1.1,100,97.9,87,29.5,29.4,29.3,6100
11/14/17,121,1194,21.3,813,10,5.6,2.8,10,4.4,-1.1,100,91.5,75,29.8,29.5,29.3,6121
11/15/17,573,997,21.5,907,6.1,2.7,0,1.1,-0.6,-2.2,93,81,57,29.9,29.8,29.8,6551
11/16/17,318,1193,21.5,848,7.2,1.8,-2.2,1.1,-0.6,-2.2,100,85.3,61,29.9,29.9,29.9,5593
11/17/17,559,984,21.6,900,6.1,1.1,-3.9,2.2,-0.3,-3.9,100,90.8,66,29.9,29.8,29.7,5845
11/18/17,118,1194,21.5,840,5,3.2,2.2,2.8,2.5,1.1,100,95.7,81,29.7,29.6,29.5,4335
11/19/17,131,1194,21.6,825,5,3.3,1.1,3.9,2.7,1.1,100,96.3,87,29.5,29.4,29.3,5690
11/20/17,451,1194,21.4,881,5,-0.1,-3.9,2.2,-1.1,-3.9,100,94,57,29.4,29.4,29.3,3910
11/21/17,292,1194,21.3,873,2.8,0.9,-2.2,1.1,-1.1,-2.8,100,87.2,70,29.4,29.4,29.3,4311
11/22/17,249,1194,21.1,935,2.8,0.2,-2.8,0,-1.1,-2.8,100,92.5,75,29.6,29.5,29.4,3970
11/23/17,547,898,21.2,965,2.8,-1.3,-5,-1.1,-2.9,-5,100,89,65,29.7,29.7,29.6,3920
11/24/17,158,1194,21.2,910,-1.1,-3.6,-6.1,-2.2,-3.7,-6.1,100,98.8,93,29.8,29.8,29.7,3120
11/25/17,117,1194,21.4,834,2.8,1.5,-1.1,2.8,1.2,-2.2,100,96.9,93,29.8,29.7,29.6,3680
11/26/17,75,1194,21.2,830,6.1,4.3,2.8,5,3.2,1.1,100,93,81,29.6,29.6,29.6,3110
11/27/17,59,1194,20.8,870,3.9,1.5,0,2.2,0.9,0,100,95.6,81,29.7,29.7,29.6,3331
11/28/17,117,1194,21.2,893,0,-0.6,-2.2,0,-0.9,-2.2,100,97.4,93,29.7,29.6,29.6,3030
11/29/17,105,1194,21.2,892,0,-1.1,-2.2,0,-1.3,-2.8,100,98.3,93,29.6,29.6,29.5,3170
11/30/17,100,1194,21.1,888,5,1.1,0,5,1.1,0,100,99.8,93,29.6,29.5,29.4,3480
12/1/17,63,1194,21.2,832,7.8,6.2,2.8,7.8,5.8,2.2,100,96.8,87,29.6,29.4,29.3,3843
12/2/17,109,1194,20.9,869,2.2,1.2,0,1.1,0.6,0,100,96.4,93,29.7,29.7,29.6,4290
12/3/17,341,1194,21.3,862,2.8,1.6,0,2.2,1.3,0,100,97.7,87,29.8,29.6,29.5,4240
12/4/17,125,1194,21.2,877,2.2,0.9,-2.2,2.2,-0.8,-3.9,100,89.5,80,29.5,29.5,29.4,3860
12/5/17,115,1194,21.1,861,2.2,0.7,0,1.1,-0.7,-2.2,100,92.1,87,29.6,29.5,29.5,4100
12/6/17,204,1193,21.3,875,2.8,0.4,-2.2,2.2,-0.3,-2.8,100,95.4,87,29.6,29.4,29.3,4430
12/7/17,158,1193,21.3,875,1.1,0.4,0,1.1,0.3,0,100,99.7,93,29.5,29.5,29.4,4863
12/8/17,399,1194,21.1,878,6.1,2.2,-1.1,3.9,1.2,-2.2,100,93.4,70,29.5,29.4,29.4,4821
12/9/17,134,1194,21.3,873,2.2,-0.6,-2.8,2.2,-0.6,-2.8,100,100,100,29.4,29.4,29.2,4890
12/10/17,42,1194,20.9,900,2.8,1.1,-1.1,2.8,1.1,-2.2,100,99.7,93,29.2,29.1,29,5000
12/11/17,310,1193,21.2,900,0,-1.9,-6.1,-1.1,-3.1,-7.2,100,92,86,29.4,29.3,29.2,3961
12/12/17,131,1194,21.3,811,3.9,1.7,0,1.1,0.2,-1.1,100,90.7,81,29.4,29.4,29.3,5880
12/13/17,147,1194,21.2,870,3.9,1.2,0,2.2,0.6,-1.1,100,95.4,87,29.5,29.5,29.4,3784
12/14/17,130,1195,21.3,845,1.1,0.4,0,1.1,0.4,0,100,100,100,29.4,29.3,29.3,6200
12/15/17,105,1194,21.3,834,3.9,1.8,1.1,3.9,1.7,1.1,100,99.6,93,29.4,29.3,29.3,4311
12/16/17,88,1194,21.2,800,10,6.4,2.2,7.8,5.6,2.2,100,94.8,81,29.3,29.1,29,6200
12/17/17,42,1194,21.1,874,6.1,1.8,0,3.9,0.4,-1.1,93,90.6,87,29.6,29.5,29.2,5589
12/18/17,89,1194,20.3,906,1.1,-0.4,-1.1,0,-0.6,-1.1,100,98.5,87,29.6,29.4,29.2,5770
12/19/17,138,1192,21.1,922,-1.1,-1.4,-2.2,-1.1,-2.3,-2.8,100,93.7,86,29.6,29.5,29.3,4510
12/20/17,253,1194,21.2,895,-2.2,-2.7,-5,-2.8,-2.9,-5,100,98.1,93,29.9,29.8,29.6,6570
12/21/17,154,1194,21.8,897,-2.2,-3.8,-6.1,-2.8,-4.1,-6.1,100,98.5,86,29.9,29.9,29.7,6520
12/22/17,115,1194,21.3,889,0,-1.4,-3.9,0,-2.1,-3.9,100,95.9,87,29.7,29.6,29.5,5105
12/23/17,169,1194,21.3,864,0,-0.9,-2.2,0,-1.7,-3.9,100,94.8,80,29.5,29.5,29.4,7660
12/24/17,214,1194,21.2,862,6.1,2.2,-2.2,3.9,0.7,-3.9,100,90.7,75,29.4,29.1,28.9,6300
12/25/17,211,1194,21.3,845,7.8,3.6,0,6.1,3.1,0,100,96.9,87,29.6,29.4,29.2,6240
12/26/17,416,1193,21.1,852,7.8,4.3,0,5,3.3,0,100,93.4,76,29.6,29.5,29.4,6534
12/27/17,179,1193,21.3,794,3.9,2.6,1.1,2.8,2.4,1.1,100,99.1,93,29.4,29.3,29.3,7070
12/28/17,94,1194,21.2,814,7.8,3.3,1.1,7.2,3.3,1.1,100,99.5,93,29.3,29.3,29.3,6887
12/29/17,160,1194,21,837,7.8,6.6,5,7.2,5.2,2.8,100,91.2,81,29.3,29.3,29.3,7051
12/30/17,104,1193,21.3,842,6.1,3.8,2.2,6.1,3.2,1.1,100,95.9,87,29.5,29.4,29.3,6480
12/31/17,253,1193,21.2,904,2.2,-0.2,-2.8,0,-0.8,-2.8,100,96.4,87,29.5,29.5,29.4,6460
1/1/18,143,1194,21.2,849,2.8,1.4,0,2.8,1.3,0,100,98.9,93,29.5,29.5,29.4,5900
1/2/18,89,1194,21.3,844,2.8,2.1,1.1,2.2,1.4,1.1,100,95.4,87,29.5,29.5,29.4,5540
1/3/18,53,1193,21.2,813,5,3.1,2.2,5,3.1,2.2,100,99.7,93,29.4,29.3,29.2,5620
1/4/18,57,1193,21.2,855,5,3.3,2.2,5,3.3,2.2,100,99.9,93,29.3,29.3,29.2,5106
1/5/18,101,1193,21.2,826,3.9,2.5,1.1,3.9,2.4,1.1,100,99.6,93,29.4,29.3,29.3,5540
1/6/18,176,1194,21.3,839,3.9,2.1,-1.1,2.8,1.7,-1.1,100,96.3,93,29.6,29.5,29.4,5120
1/7/18,164,1193,21.2,824,7.2,4.3,2.8,5,3.6,2.2,100,95,87,29.9,29.7,29.6,4620
1/8/18,515,1194,21.1,983,2.2,-1,-3.9,1.1,-3.4,-6.1,100,83.7,60,30.1,30,29.9,5895
1/9/18,446,1157,21.1,977,2.2,-1.5,-3.9,-2.8,-3.8,-5,100,84.4,70,30.1,30.1,30,4678
1/10/18,347,1194,21.2,939,1.1,-3.1,-6.1,-2.2,-4.1,-6.1,100,92.9,75,30.1,29.9,29.8,4687
1/11/18,75,1195,21.1,824,-2.2,-2.8,-6.1,-2.2,-2.9,-6.1,100,99,93,29.8,29.7,29.7,4280
1/12/18,146,1194,21.1,905,-1.1,-2.1,-3.9,-1.1,-3.1,-6.1,100,92.8,86,30.2,30,29.8,5481
1/13/18,173,1194,21.2,959,-3.9,-5.5,-7.2,-6.1,-7.6,-10,93,85.5,74,30.3,30.3,30.2,5000
1/14/18,263,1194,21.1,1019,-7.2,-8.6,-12.2,-7.8,-11,-12.8,93,83.4,73,30.3,30.2,30.2,5160
1/15/18,620,1152,21.1,1033,-6.1,-10.4,-13.9,-11.1,-12.8,-15,100,84.1,63,30.2,30.1,29.9,3655
1/16/18,281,1193,21,1023,-7.2,-8.7,-12.8,-7.8,-10.1,-13.9,100,90.8,80,29.9,29.6,29.4,4830
1/17/18,157,1194,21.1,907,-1.1,-4.2,-7.2,-1.1,-4.4,-7.8,100,97.9,93,29.4,29.1,29,4479
1/18/18,144,1194,20.9,937,-1.1,-2.2,-3.9,-1.1,-2.2,-3.9,100,100,100,29.2,29.1,29.1,4774
1/19/18,222,1194,21.2,873,0,-1.6,-2.2,-1.1,-1.7,-2.2,100,99.2,93,29.3,29.2,29.1,3935
1/20/18,396,1194,21.1,930,1.1,-3.4,-12.8,-1.1,-5.4,-12.8,100,86.8,70,29.4,29.4,29.3,4500
1/21/18,406,1146,21.2,956,-3.9,-8,-15,-3.9,-8.1,-15,100,98.9,92,29.5,29.4,29.4,3720
1/22/18,339,1194,21.2,996,-5,-7.3,-10,-5,-7.7,-11.1,100,97.6,93,29.7,29.6,29.5,5891
1/23/18,595,1053,21.3,1075,-7.8,-10.8,-16.1,-8.9,-11.3,-17.2,100,97,92,30,29.8,29.7,5400
1/24/18,698,883,21.1,1032,-7.8,-14.1,-20,-8.9,-15.3,-21.1,100,91.4,85,30.1,30.1,30,5570
1/25/18,688,866,21.1,1066,-5,-11.4,-17.8,-11.1,-14.5,-20,100,79.4,59,30.1,30,30,5373
1/26/18,673,885,21.1,1086,-10,-12.3,-16.1,-11.1,-13.7,-16.1,100,89.2,79,30.1,30.1,30,5092
1/27/18,231,1194,21.1,929,-3.9,-6.7,-10,-5,-7,-11.1,100,98,93,30.1,30.1,30.1,4381
1/28/18,188,1194,21,982,-1.1,-3.7,-5,-1.1,-4,-5,100,97.8,93,30.1,29.9,29.6,6500
1/29/18,441,1170,21.2,856,5,2.7,0,2.8,1.4,-1.1,100,91,75,29.6,29.5,29.4,5093
1/30/18,289,1167,21.9,886,5,3.6,2.2,3.9,1.9,-1.1,100,89.6,75,29.3,29.3,29.2,6250
1/31/18,328,1194,21.2,925,2.2,1.3,-1.1,-2.2,-3.6,-5,81,71.4,60,29.6,29.5,29.3,5931
2/1/18,507,1082,21.9,998,2.8,0.4,-2.8,1.1,-1.4,-3.9,100,88,75,29.6,29.5,29.4,4710
2/2/18,186,1194,21.6,930,2.8,1.3,-1.1,1.1,0.7,-1.1,100,96.6,87,29.4,29.4,29.4,5211
2/3/18,255,1194,21.4,939,2.2,0.7,-1.1,2.2,0.6,-1.1,100,99.5,93,29.4,29.2,29,7380
2/4/18,118,1194,21.3,944,3.9,0.6,-2.2,3.9,-1,-5,100,88.4,75,29.4,29.1,28.9,7127
2/5/18,707,1031,21.1,1055,-2.8,-5.6,-7.8,-6.1,-8.9,-12.2,86,77.5,68,29.7,29.6,29.4,6260
2/6/18,785,1119,21.3,1051,-3.9,-7.5,-11.1,-8.9,-10.8,-12.2,100,79.9,54,29.9,29.8,29.7,6885
2/7/18,149,1440,21.3,969,-1.1,-5.9,-12.2,-2.2,-7.4,-12.8,100,90,74,30,29.9,29.9,7230
2/8/18,376,1440,21.1,968,-1.1,-1.5,-2.8,-1.1,-2.3,-3.9,100,94.4,80,29.9,29.6,29.4,6231
2/9/18,289,1439,21.3,968,1.1,-0.3,-1.1,1.1,-0.3,-1.1,100,100,100,29.4,29.4,29.4,7251
2/10/18,312,1439,21.4,960,1.1,0,-1.1,1.1,0,-1.1,100,100,100,29.5,29.4,29.4,7840
2/11/18,279,1439,21.6,947,1.1,-0.4,-1.1,0,-1,-1.1,100,96.4,87,29.5,29.5,29.4,8760
2/12/18,503,1438,21.4,976,0,-1.5,-3.9,0,-3.2,-6.1,100,88.9,74,29.5,29.4,29.4,8916
2/13/18,622,1438,21.4,983,-3.9,-5.4,-11.1,-5,-6.9,-11.1,100,89.7,80,29.6,29.6,29.5,7957
2/14/18,517,1417,21.5,1009,-3.9,-5.8,-10,-6.1,-7.1,-10,100,91.5,80,29.8,29.7,29.6,7247
2/15/18,280,1438,21.3,964,-1.1,-2.9,-5,-1.1,-3.3,-6.1,100,97.5,93,29.9,29.8,29.8,7641
2/16/18,393,1439,21.5,953,0,-1.4,-2.2,-1.1,-1.8,-2.8,100,97.8,87,29.9,29.9,29.8,8025
2/17/18,578,1439,21.6,966,2.8,-1.6,-7.2,0,-2.4,-7.2,100,95.4,75,29.8,29.8,29.7,7490
2/18/18,389,1439,21.4,958,1.1,-1.3,-2.8,0,-2.1,-3.9,100,95.1,86,29.7,29.7,29.7,7090
2/19/18,509,1439,21.3,990,-1.1,-2.5,-3.9,-2.8,-5.1,-6.1,93,82.4,74,29.8,29.8,29.7,7385
2/20/18,571,1439,21.5,969,-1.1,-2.3,-3.9,-2.8,-4.8,-7.2,100,83.5,69,29.8,29.8,29.8,6756
2/21/18,796,1380,21.6,973,-1.1,-2.7,-3.9,-3.9,-4.7,-6.1,100,87.1,75,29.8,29.8,29.7,6631
2/22/18,857,1356,21.6,1031,-2.8,-4.7,-7.8,-5,-5.9,-7.8,100,91.8,80,29.8,29.8,29.8,6300
2/23/18,884,1336,21.7,1025,-3.9,-5.8,-7.2,-6.1,-8.7,-11.1,93,79.9,68,29.8,29.8,29.7,6891
2/24/18,544,1439,21.7,1032,-7.2,-8.5,-12.2,-7.8,-9.8,-15,100,91.1,74,29.7,29.6,29.6,7460
2/25/18,1181,1095,22.7,1102,-10,-15.1,-22.2,-13.9,-17.3,-22.8,92,83.8,67,29.8,29.8,29.7,7630
2/26/18,1015,1181,23.2,1090,-10,-17.1,-22.8,-13.9,-19.7,-25,92,81.7,57,29.9,29.8,29.8,6780
2/27/18,744,1233,22.6,1058,-11.1,-13.5,-22.8,-12.2,-15.4,-23.9,92,85.5,73,29.8,29.7,29.6,7190
2/28/18,1145,1202,23.3,1076,-10,-11.9,-13.9,-12.8,-13.7,-15,92,85.4,73,29.7,29.6,29.6,7094
3/1/18,577,1439,22.5,1031,-8.9,-11.1,-12.8,-11.1,-12.1,-13.9,100,92.3,85,29.6,29.4,29.4,7080
3/2/18,1164,1159,23,1107,-5,-11.6,-16.1,-5,-13,-17.8,100,89.3,67,29.5,29.4,29.2,7351
3/3/18,418,1439,22.1,987,-1.1,-3.7,-8.9,-1.1,-4.2,-12.2,100,96.3,79,29.2,29,28.9,6760
3/4/18,1117,1106,22.3,1108,-6.1,-9.1,-12.8,-7.2,-11.2,-15,100,84.6,73,29.2,29,29,8260
3/5/18,1452,1066,23.1,1058,-1.1,-8.1,-13.9,-7.8,-11.1,-15,100,79.8,55,29.5,29.4,29.2,6185
3/6/18,668,984,21.9,978,-2.2,-7.3,-15,-3.9,-9,-16.1,100,88,80,29.5,29.4,29.2,7021
3/7/18,330,1194,22.1,799,0,-1.2,-2.8,0,-1.7,-5,100,97.3,86,29.2,29.1,29,9663
3/8/18,636,1194,21.7,886,2.2,0.3,0,1.1,-0.5,-2.2,100,94.9,87,29.4,29.2,29.1,5650
3/9/18,784,1194,21.9,850,2.2,0.3,-1.1,1.1,-0.1,-2.2,100,97.7,87,29.4,29.4,29.4,6200
3/10/18,1069,958,21.9,668,7.2,2.3,-1.1,1.1,0.6,-1.1,100,89.2,61,29.5,29.4,29.4,5380
3/11/18,971,757,21.6,788,2.8,0.7,-1.1,1.1,0.3,-1.1,100,97.6,87,29.6,29.6,29.5,6300
3/12/18,915,937,21.4,738,3.9,2.1,0,2.2,1.3,0,100,94.4,81,29.6,29.5,29.4,6135
3/13/18,824,863,21.4,836,2.2,1.5,1.1,2.2,0.2,-1.1,100,91.9,87,29.4,29.4,29.3,5745
3/14/18,263,1137,21.1,845,1.1,0.1,0,0,0,0,100,99.3,93,29.3,29.2,29.2,5611
3/15/18,400,1075,21.2,780,2.2,0.8,-1.1,2.2,0.7,-1.1,100,99.7,93,29.4,29.3,29.2,5980
3/16/18,454,1075,21.1,851,1.1,-1.3,-2.2,1.1,-3.2,-5,100,85.8,75,29.5,29.4,29.4,5130
3/17/18,622,1017,20.8,1028,-2.2,-4.4,-7.8,-2.8,-5.3,-12.2,100,94.2,73,29.5,29.3,29.1,5940
3/18/18,963,779,21.5,1119,-7.8,-8.6,-10,-12.2,-14.3,-16.1,73,64.5,58,29.6,29.6,29.5,7107
3/19/18,1862,594,21.9,1217,-2.8,-7.3,-11.1,-12.2,-14.2,-16.1,73,59.3,43,29.6,29.6,29.5,7550
3/20/18,884,790,21.1,1123,-6.1,-7.6,-10,-7.2,-9.4,-12.8,100,87.2,68,29.5,29.4,29.3,6970
3/21/18,1271,594,21.3,1154,-1.1,-4.5,-7.2,-5,-6.6,-7.8,100,86.5,69,29.5,29.4,29.3,6880
3/22/18,1897,594,21.6,1057,1.1,-2.6,-7.8,-2.8,-7.2,-10,93,73,44,29.6,29.6,29.5,7251
3/23/18,1435,594,21.5,1065,1.1,-5.5,-12.8,-6.1,-9.1,-13.9,93,77.5,48,29.6,29.4,29.3,7800
3/24/18,1847,594,21.6,1000,3.9,-3.1,-12.2,-2.2,-6.8,-12.2,100,78.4,48,29.5,29.3,29.2,8879
3/25/18,1933,594,21.8,947,5,-1.4,-7.8,-1.1,-4.8,-7.8,100,80.6,49,29.6,29.6,29.5,7090
3/26/18,1782,594,21.6,938,3.9,0.4,-3.9,-1.1,-3.4,-5,93,76.9,56,29.6,29.6,29.4,8731
3/27/18,1400,735,21.6,900,8.9,2.8,-2.2,2.8,-0.2,-2.2,100,82.6,53,29.4,29.3,29.3,9446
3/28/18,1151,603,21.3,984,2.8,1,-1.1,1.1,-0.9,-2.2,100,88.3,70,29.5,29.5,29.4,10320
3/29/18,656,1075,21.2,1007,0,-0.7,-1.1,-1.1,-1.8,-3.9,100,92.4,75,29.6,29.5,29.5,8330
3/30/18,519,1015,21.2,974,2.2,0.5,-2.2,2.2,-0.6,-3.9,100,92.3,80,29.6,29.6,29.5,10060
3/31/18,477,1014,21.2,879,7.2,4.3,2.2,6.1,4.2,2.2,100,99.3,93,29.6,29.4,29.3,10610
4/1/18,1309,536,21.2,763,15,8.6,3.9,7.8,5.6,2.8,100,82.7,59,29.3,29.1,28.8,8180
4/2/18,509,872,21.1,952,8.9,4.8,2.2,7.2,1.4,0,93,78.5,66,29.4,29.1,28.9,7640
4/3/18,1976,534,21.6,820,11.1,5.7,1.1,2.8,0.7,-1.1,100,73.4,44,29.6,29.5,29.4,8060
4/4/18,1769,534,21.9,688,18.9,10.2,2.2,8.9,4.2,0,87,69,40,29.6,29.6,29.5,7295
4/5/18,1015,534,21.2,720,15,10,6.1,7.2,5.2,3.9,93,73.6,51,29.5,29.5,29.4,8030
4/6/18,1428,533,21.6,671,17.8,10.6,3.9,7.8,4.8,2.2,87,69.5,45,29.6,29.5,29.5,9440
4/7/18,2201,534,21.5,649,15,10.6,5,7.8,-0.6,-6.1,87,50.3,25,29.9,29.8,29.7,9550
4/8/18,2138,534,21.7,696,15,8.4,1.1,6.1,2.6,0,93,69.7,42,29.9,29.9,29.8,4400
4/9/18,2122,534,22,625,20,11.8,3.9,8.9,4.9,2.8,100,67,35,29.8,29.7,29.6,11630
4/10/18,2074,534,22.1,612,21.1,13.6,6.1,11.1,6.4,2.8,88,64.3,40,29.6,29.5,29.4,7648
4/11/18,1882,534,22.4,585,22.8,14.3,5,12.8,8,5,100,71.5,33,29.6,29.5,29.4,7620
4/12/18,649,970,21.2,804,8.9,6.4,3.9,6.1,4.1,2.8,100,85.3,76,29.7,29.7,29.6,9910
4/13/18,1962,534,21.5,705,17.8,11,2.8,8.9,6.1,2.8,100,74.3,49,29.7,29.7,29.7,6763
4/14/18,2125,534,21.5,643,17.8,11.7,5,6.1,2.2,0,87,55.6,30,29.9,29.8,29.8,8740
4/15/18,1913,534,22.5,585,23.9,15.2,7.8,12.2,6.5,2.2,81,57.6,34,29.9,29.8,29.6,6920
4/16/18,1380,534,21.9,515,21.1,15.5,11.1,11.1,8.2,6.1,94,63.9,40,29.7,29.7,29.6,6825
4/17/18,1265,576,21.6,563,18.9,13.3,7.2,7.8,5.1,2.8,76,58.5,40,29.6,29.6,29.6,7426
4/18/18,2195,534,21.5,486,18.9,15.3,12.2,12.2,6.1,2.2,88,56.3,32,29.7,29.7,29.6,6900
4/19/18,1204,843,21.5,559,16.1,12.6,10,6.1,5,2.8,71,60.2,48,29.6,29.5,29.4,7420
4/20/18,2223,534,21.3,637,17.8,12.3,7.2,5,3.2,0,87,57.7,32,29.6,29.6,29.5,9020
4/21/18,2276,533,22.8,646,23.9,16.2,5,7.8,3.6,0,81,48.2,24,29.6,29.4,29.2,5710
4/22/18,2239,534,21.6,575,17.8,14.2,8.9,3.9,0.2,-2.2,71,40,26,29.4,29.4,29.3,7040
4/23/18,2179,534,21.6,626,17.2,10.8,3.9,6.1,2.7,1.1,100,60.6,34,29.5,29.5,29.4,5451
4/24/18,821,1074,21.9,623,17.8,10.9,2.8,11.1,5.8,0,100,71.8,47,29.5,29.4,29.4,7560
4/25/18,1607,785,22.5,656,22.2,15.8,10,11.1,7.7,6.1,94,61.8,35,29.5,29.4,29.3,5831
4/26/18,2231,595,22.5,601,22.8,18.2,12.2,10,7.6,2.2,88,52.9,31,29.5,29.4,29.3,5200
4/27/18,1589,766,21.2,543,17.2,12.7,7.2,11.1,8,2.8,94,76.2,45,29.6,29.5,29.4,7081
4/28/18,2178,595,21.6,609,20,12.2,2.8,7.2,4.1,1.1,100,63.1,30,29.7,29.7,29.6,6755
4/29/18,2350,633,23.7,564,27.2,17.9,8.9,12.2,9.4,6.1,87,60.4,34,29.7,29.6,29.6,5600
4/30/18,2590,595,23.5,599,27.2,19.3,10,10,6.6,5,82,47.1,24,29.6,29.6,29.5,7440
5/1/18,2516,534,23.4,586,27.2,19.3,10,8.9,7,5,82,48.1,26,29.5,29.5,29.5,7020
5/2/18,2272,535,24.6,610,30,21.4,12.8,12.8,9,6.1,77,48.9,23,29.6,29.6,29.5,8261
5/3/18,2364,509,23.5,673,30,21,10,11.1,5.3,-1.1,82,43.4,15,29.6,29.5,29.5,6980
5/4/18,2413,550,23.7,619,30,20.9,10,10,6.1,0,82,44.8,15,29.6,29.5,29.5,8239
5/5/18,2217,533,23.9,605,30,21.5,11.1,11.1,7.4,2.8,82,46.2,19,29.5,29.5,29.5,9412
5/6/18,2233,505,21.6,483,23.9,19.1,13.9,13.9,11.6,10,82,62.5,44,29.6,29.5,29.5,10324
5/7/18,1539,676,20.7,554,22.2,16.1,12.8,13.9,12.3,10,94,79.8,56,29.6,29.5,29.4,7210
5/8/18,2131,474,22.5,523,27.2,19.9,13.9,15,11.6,7.2,94,63.7,32,29.5,29.4,29.3,5640
5/9/18,1402,474,22.1,594,26.1,19.4,12.8,12.8,9.9,7.8,82,55.8,32,29.4,29.4,29.4,8460
5/10/18,2717,474,21.1,586,23.9,18.9,13.9,11.1,7.3,1.1,72,49.7,23,29.6,29.5,29.4,6931
5/11/18,2830,417,19.4,640,18.9,13.6,8.9,2.2,0.3,-2.8,62,42.5,24,29.7,29.7,29.6,6625
5/12/18,2369,419,20.6,526,22.2,14.9,5,10,4,0,82,52.9,28,29.6,29.6,29.4,4640
5/13/18,1290,724,18.8,582,16.1,11.7,8.9,10,7.4,5,88,76.1,51,29.6,29.5,29.4,6030
5/14/18,1168,793,19.7,597,17.2,12.8,10,12.8,10.2,7.8,94,85,63,29.6,29.6,29.5,5760
5/15/18,2345,650,21.8,573,22.8,16.5,7.8,12.2,9.7,7.2,100,67.7,38,29.7,29.6,29.6,6697
5/16/18,2404,513,22.8,556,25,20.4,13.9,11.1,9.9,7.8,82,53,34,29.6,29.5,29.4,6212
5/17/18,2276,620,22.3,514,23.9,18.5,12.8,11.1,8.6,7.2,82,54.3,36,29.5,29.4,29.4,8385
5/18/18,1330,924,21.1,565,22.2,16.6,12.8,16.1,11.5,8.9,94,72.9,46,29.4,29.3,29.3,7967
5/19/18,1978,702,21.6,499,22.2,17.1,12.8,15,12.4,11.1,94,74.9,56,29.5,29.4,29.3,7481
5/20/18,2273,646,20.3,554,20,15.4,7.8,12.8,7.7,1.1,94,64.7,30,29.7,29.6,29.5,7930
5/21/18,2144,629,19.9,576,18.9,12.6,5,11.1,7.8,3.9,94,74.2,46,29.7,29.7,29.7,5830
5/22/18,1996,676,21.3,515,22.2,16.2,11.1,12.2,9.8,7.8,94,69.7,41,29.8,29.7,29.7,8907
5/23/18,2777,610,23,595,26.1,18.7,8.9,12.2,8.7,5,100,57.9,26,29.8,29.7,29.7,6310
5/24/18,2581,509,22.8,506,27.2,19.1,10,15,10.5,7.2,88,62,28,29.7,29.6,29.6,8700
5/25/18,2689,534,23.1,483,26.1,20.7,12.8,15,11.2,7.2,94,59.1,32,29.7,29.6,29.6,13980
5/26/18,2975,496,21,490,22.8,18.3,12.2,10,5.6,1.1,72,45.9,23,29.9,29.8,29.7,9140
5/27/18,2954,497,21.1,548,22.8,16.3,7.2,5,1.9,-2.2,81,42.5,19,29.9,29.9,29.8,11327
5/28/18,2945,498,22.2,563,26.1,18.2,6.1,7.8,4.3,2.2,87,46.8,21,29.9,29.8,29.8,8220
5/29/18,2792,525,22.9,518,26.1,19.9,12.8,12.2,6.6,0,82,46.4,18,29.9,29.8,29.8,9561
5/30/18,2846,492,23.9,537,27.8,20,7.8,8.9,6.1,2.8,87,46.6,20,29.8,29.7,29.6,8260
5/31/18,2817,494,24.5,433,30,23.2,15,12.8,8.6,2.2,77,43.2,19,29.6,29.5,29.4,12396
6/1/18,2994,449,20.6,469,21.1,16.3,11.1,5,1.8,-2.2,62,40.4,23,29.7,29.7,29.6,11610
6/2/18,2756,0,22.4,567,26.1,17.7,6.1,6.1,3.4,0,87,44.3,18,29.7,29.6,29.5,9940
6/3/18,1633,0,20.7,490,23.9,18.9,13.9,15,12.4,6.1,94,67.9,47,29.5,29.4,29.4,5740
6/4/18,2693,0,22.5,431,28.9,22.1,12.8,13.9,9.5,2.8,94,51.5,19,29.4,29.3,29.2,7175
6/5/18,2342,0,21.8,430,27.8,21.2,13.9,12.8,8.8,2.8,82,48.1,25,29.3,29.2,29.1,5700
6/6/18,2626,415,19.8,443,17.8,15.7,8.9,6.1,0.8,-3.9,66,38.2,22,29.7,29.5,29.3,4255
6/7/18,1857,415,19.4,485,21.1,14.4,3.9,5,2.1,0,87,48,25,29.8,29.8,29.7,6015
6/8/18,2632,415,22.3,513,27.2,18.8,7.2,12.2,6.7,3.9,87,49.4,26,29.7,29.6,29.5,5860
6/9/18,2704,415,24.1,449,28.9,21.8,12.8,12.8,9.2,5,88,50.5,22,29.5,29.5,29.4,5920
6/10/18,2719,415,21.6,442,26.1,19.6,12.8,10,6.2,2.8,63,43.9,24,29.5,29.5,29.4,4770
6/11/18,2444,0,21.9,458,27.8,20.2,8.9,11.1,8.2,5,87,50.7,23,29.5,29.4,29.4,6789
6/12/18,1884,0,23.6,444,30,22.5,16.1,18.9,15.1,10,88,64.6,35,29.4,29.3,29.2,7100
6/13/18,1508,0,23.1,434,27.2,22,17.8,18.9,16.1,12.8,100,72.2,42,29.3,29.2,29.2,6854
6/14/18,2329,0,23.9,441,27.8,22,15,17.8,15.8,12.8,100,70.9,42,29.4,29.3,29.3,7560
6/15/18,2343,0,23.8,431,28.9,21.9,16.1,17.8,17.2,16.1,100,76.5,48,29.4,29.4,29.3,4360
6/16/18,2011,0,23.5,436,27.2,21.9,17.2,17.8,17,16.1,94,74.6,54,29.5,29.5,29.4,4854
6/17/18,1130,0,22.7,450,27.8,21.8,17.2,18.9,16.9,15,94,75.2,54,29.5,29.5,29.4,16125
6/18/18,2420,0,23.7,446,27.8,22.9,17.2,17.8,14.2,8.9,94,62.3,32,29.6,29.5,29.5,7071
6/19/18,1881,0,24.5,469,28.9,23.4,15,17.8,15.7,13.9,100,65.3,40,29.6,29.6,29.5,7489
6/20/18,2446,0,23.9,431,27.8,23.2,17.2,17.2,13.8,10,94,58.9,34,29.6,29.6,29.6,8389
6/21/18,2660,0,24.1,440,30,22.7,12.8,17.2,12.5,7.8,94,57.1,28,29.6,29.6,29.4,6875
6/22/18,1757,0,22.5,441,32.2,21.9,13.9,17.8,14.8,12.2,94,67.7,35,29.4,29.4,29.3,7686
6/23/18,345,413,18.5,509,15,13.9,11.1,13.9,12.5,8.9,100,92.5,82,29.4,29.4,29.3,5558
6/24/18,1806,413,18.6,499,17.8,13.9,10,10,8.1,6.1,94,70.1,45,29.6,29.5,29.4,5032
6/25/18,2374,414,20.9,459,23.9,16.8,7.2,11.1,8,5,100,61.1,29,29.7,29.6,29.6,6122
6/26/18,2579,391,21.9,491,25,19.1,10,12.2,8.8,6.1,94,55.7,29,29.7,29.7,29.6,6848
6/27/18,1384,414,21.5,477,26.1,20.4,13.9,17.2,13.1,10,83,63.6,47,29.7,29.6,29.5,6411
6/28/18,1601,0,22.8,440,27.8,22.4,18.9,18.9,16.6,12.8,88,70,51,29.5,29.4,29.4,7460
6/29/18,1536,0,23.1,437,27.2,22.3,18.9,18.9,16.4,12.8,94,70.1,57,29.4,29.3,29.1,6020
6/30/18,954,0,21.6,468,26.1,19.7,13.9,20,17.7,12.8,100,88.9,54,29.1,29,29,5840
7/1/18,1039,896,19.5,593,17.2,13.2,10,12.8,9.4,7.2,100,80,52,29.4,29.2,29.1,4049
7/2/18,991,1038,19.1,635,15,12.5,8.9,12.2,9,7.8,94,80.1,67,29.5,29.5,29.4,4943
7/3/18,1578,675,20.3,481,20,16.2,12.8,10,9.2,7.2,82,64.3,46,29.5,29.5,29.5,7593
7/4/18,1937,690,22.3,442,25,19.2,11.1,12.2,10.4,7.2,94,59.7,34,29.5,29.4,29.4,8135
7/5/18,2281,470,23.1,437,26.1,19.8,11.1,15,12.9,10,100,67.2,44,29.4,29.4,29.4,7771
7/6/18,2413,426,25.5,431,28.9,23.5,15,16.1,14.1,12.2,88,58.4,35,29.4,29.3,29.3,4977
7/7/18,2410,414,23.8,410,27.2,21.6,16.1,16.1,13.2,11.1,88,60.7,39,29.4,29.4,29.3,6020
7/8/18,2621,414,23.7,415,26.1,21.2,13.9,16.1,13.1,11.1,94,63,39,29.4,29.4,29.4,11020
7/9/18,2348,414,24.2,425,27.2,22.4,13.9,16.1,13.9,11.1,100,62,37,29.5,29.4,29.4,10711
7/10/18,1794,414,23.6,511,26.1,20.6,16.1,17.8,15.4,13.9,94,73.7,50,29.5,29.5,29.5,10290
7/11/18,507,534,22.1,591,21.1,19,16.1,17.8,16.8,15,94,86.4,68,29.5,29.5,29.5,10750
7/12/18,2242,414,25.1,547,28.9,22.6,16.1,18.9,16.8,15,100,72.3,42,29.5,29.5,29.4,7328
7/13/18,1601,414,24.6,540,27.8,22.9,17.2,20,17.9,16.1,100,76.1,48,29.4,29.4,29.3,12545
7/14/18,1954,414,22.8,547,26.1,21,15,17.2,14.1,11.1,100,68,41,29.4,29.3,29.3,9082
7/15/18,1693,407,22.5,540,25,20.2,12.8,16.1,13.9,12.8,100,70.2,47,29.3,29.3,29.2,8150
7/16/18,1735,414,23.3,523,27.2,20.4,12.8,17.2,15.2,11.1,100,74.5,39,29.3,29.2,29.2,6752
7/17/18,1282,474,22.9,474,25,20,15,18.9,17.2,15,100,85.5,57,29.2,29.1,29.1,6196
7/18/18,1114,534,23.8,443,25,19.7,16.1,21.1,18.5,16.1,100,93.3,69,29.1,29.1,29.1,6110
7/19/18,1993,534,25,432,27.2,21.3,16.1,22.2,18.6,16.1,100,86.2,58,29.2,29.1,29.1,6765
7/20/18,1981,475,24.1,440,26.1,21.4,17.2,20,17.8,16.1,100,81.4,57,29.2,29.2,29.1,5980
7/21/18,1376,535,23.8,455,25,20.8,17.8,20,18.5,17.2,100,87.5,65,29.3,29.3,29.2,6319
7/22/18,1438,534,23.3,465,26.1,20.9,17.8,20,18,16.1,100,85,54,29.3,29.3,29.2,6288
7/23/18,1407,474,24.3,479,23.9,20.5,17.2,20,18.7,17.2,100,90.3,69,29.2,29.2,29.1,4740
7/24/18,1419,414,24.4,481,27.8,21.6,17.8,21.1,18.7,17.2,100,85.2,54,29.3,29.3,29.2,7355
7/25/18,1728,414,24.7,504,28.9,22.7,17.8,21.1,19.1,17.2,100,81.7,51,29.4,29.3,29.3,6085
7/26/18,1089,414,24.1,510,26.1,21.8,18.9,21.1,19.2,17.8,94,85.9,74,29.4,29.4,29.3,7065
7/27/18,917,0,23.6,523,26.1,22.1,18.9,22.2,20.1,17.8,100,89,74,29.4,29.4,29.4,11609
7/28/18,2154,0,25.3,459,26.1,23.8,21.1,21.1,19.7,18.9,88,77.9,73,29.4,29.4,29.4,7567
7/29/18,1345,0,23.5,598,27.2,23.3,17.8,20,18.5,17.2,100,76.2,57,29.5,29.4,29.4,6020
7/30/18,2091,0,25.6,550,31.1,25,20,22.2,20.1,17.2,94,75,55,29.6,29.5,29.5,8016
7/31/18,2203,0,25.9,516,30,25.2,21.1,22.2,20.5,20,94,75.6,58,29.6,29.6,29.6,8210
8/1/18,1843,0,23.5,546,27.2,22.8,17.8,20,16.5,13.9,94,70,45,29.7,29.7,29.6,8400
8/2/18,2185,0,23.4,538,27.8,22.6,16.1,16.1,14.2,11.1,88,62.9,35,29.7,29.7,29.6,9260
8/3/18,2247,0,24,508,28.9,22.9,16.1,17.2,15.5,13.9,94,65.6,40,29.7,29.6,29.6,6266
8/4/18,1921,0,24.3,483,30,23.4,15,18.9,16.1,12.8,100,67,37,29.6,29.5,29.5,9300
8/5/18,1768,0,24.5,508,31.1,23.6,17.8,21.1,18.7,17.2,100,75.8,45,29.5,29.5,29.4,11780
8/6/18,1946,0,24.2,449,27.8,23.3,18.9,17.8,16.6,13.9,94,68.3,42,29.5,29.5,29.4,8832
8/7/18,2051,0,22.6,452,27.2,21.7,17.2,16.1,13,10,94,60.5,34,29.6,29.5,29.5,7200
8/8/18,2098,0,22.2,522,26.1,19.9,12.8,13.9,12.1,10,88,63.1,41,29.7,29.7,29.6,7160
8/9/18,2385,0,21.7,566,26.1,19.3,11.1,12.8,11.1,8.9,94,62.7,34,29.9,29.8,29.7,6151
8/10/18,2364,0,21.6,527,27.2,19.6,11.1,12.8,10.3,7.8,94,59.6,32,29.9,29.9,29.9,6160
8/11/18,2308,0,21.9,544,27.8,18.1,8.9,13.9,10.7,7.8,94,65.7,34,29.9,29.8,29.7,6440
8/12/18,1691,0,22.2,522,27.8,20.4,11.1,21.1,14.4,8.9,100,72.1,34,29.7,29.6,29.6,6980
8/13/18,2016,0,22.5,539,27.8,21.4,13.9,17.8,14.3,11.1,100,68.3,39,29.6,29.6,29.5,7300
8/14/18,2090,0,24.4,498,31.1,24.1,16.1,17.8,15.6,12.2,100,63.3,31,29.5,29.5,29.4,7289
8/15/18,2147,0,24.6,519,32.2,24.6,16.1,17.8,14.2,8.9,94,58.9,24,29.5,29.5,29.5,6970
8/16/18,1174,0,22.8,470,26.1,22.3,17.8,20,17.8,16.1,94,76.9,54,29.6,29.6,29.5,8230
8/17/18,1536,235,23.7,563,28.9,22.6,16.1,17.8,17.2,16.1,100,73.4,48,29.6,29.6,29.6,8379
8/18/18,1277,115,22.8,570,27.8,21.7,16.1,18.9,17.7,16.1,100,79,51,29.6,29.6,29.6,7660
8/19/18,1297,115,22.4,580,27.2,21.3,17.2,20,16.3,13.9,94,74.4,51,29.7,29.6,29.6,8440
8/20/18,1784,414,24.3,527,28.9,22.6,16.1,17.8,16.7,13.9,100,72.9,40,29.6,29.6,29.5,6960
8/21/18,1810,472,24.5,557,30,22.7,15,21.1,16.3,13.9,100,70.1,40,29.6,29.5,29.4,10910
8/22/18,1924,529,21.5,530,22.8,18.4,12.8,16.1,11.6,7.8,94,67.7,38,29.8,29.7,29.6,9094
8/23/18,2095,533,20.5,580,23.9,17.4,10,10,8.4,6.1,88,59.5,31,29.8,29.7,29.7,7430
8/24/18,2072,533,21.1,582,26.1,19,11.1,12.2,7.8,5,77,52.5,26,29.7,29.6,29.5,6780
8/25/18,1974,533,22.1,603,30,18.7,11.1,12.2,9.2,7.2,77,57.6,27,29.5,29.5,29.4,6930
8/26/18,1894,533,23.5,570,31.1,22.6,12.8,15,10.2,7.2,72,48.4,27,29.4,29.4,29.4,7620
8/27/18,1956,533,23.3,533,31.1,22.9,12.8,12.8,9.3,2.8,88,48,18,29.5,29.5,29.4,6785
8/28/18,1593,533,23.8,496,31.1,21.1,12.2,18.9,15,7.8,100,73.8,24,29.6,29.5,29.5,6831
8/29/18,827,1001,22.4,532,21.1,18.4,15,17.8,16.6,13.9,94,88.3,73,29.6,29.6,29.6,6135
8/30/18,1901,680,22.8,597,25,18.5,12.8,15,12.6,8.9,100,72.7,36,29.6,29.6,29.6,6382
8/31/18,1857,682,22.3,533,26.1,18.3,12.2,15,11.6,10,94,68.2,36,29.7,29.7,29.6,5982
9/1/18,1541,634,22.7,551,27.2,19.5,11.1,16.1,13.3,8.9,94,70.2,42,29.7,29.7,29.7,6682
9/2/18,1689,593,24.5,535,31.1,22.4,15,17.2,13.6,6.1,100,63.5,21,29.7,29.7,29.7,5781
9/3/18,1713,593,23.6,530,32.2,21.6,12.2,12.2,8.9,5,88,50.5,19,29.7,29.6,29.6,5942
9/4/18,1652,593,23.6,529,30,21.6,12.8,12.2,8.8,3.9,82,48.5,20,29.6,29.5,29.5,6955
9/5/18,1070,759,22.7,546,26.1,21.2,17.2,12.8,7.6,2.8,72,44.1,23,29.5,29.5,29.4,2835
9/6/18,1295,532,21.8,541,27.2,20.4,13.9,8.9,5.5,1.1,59,39,21,29.4,29.4,29.4,11952
9/7/18,795,850,21.4,527,22.8,19.7,16.1,6.1,4.7,3.9,48,38,29,29.5,29.4,29.4,6303
9/8/18,662,893,20.8,634,21.1,15.6,12.8,15,9.8,3.9,100,71,40,29.6,29.6,29.5,5083
9/9/18,1140,756,21.3,636,25,17.3,13.9,13.9,10.7,5,100,69.9,28,29.6,29.5,29.5,5695
9/10/18,626,917,21.5,662,20,16,13.9,17.2,14.3,12.8,100,90.7,68,29.5,29.5,29.4,6713
9/11/18,1438,627,22.1,621,22.8,18.1,13.9,17.8,15.3,13.9,100,85.2,57,29.7,29.6,29.5,5480
9/12/18,1733,547,22.1,546,26.1,18.3,11.1,15,11.8,7.2,100,71.5,30,29.8,29.7,29.7,6750
9/13/18,659,964,21.5,541,22.2,16.9,12.2,17.2,14.7,11.1,100,87.5,64,29.7,29.7,29.6,7089
9/14/18,1540,533,22.7,550,27.2,18.8,12.2,16.1,14,12.2,100,78.1,39,29.6,29.6,29.6,9935
9/15/18,1395,642,23.1,588,26.1,19.3,12.8,16.1,14.4,12.2,100,76.2,44,29.6,29.5,29.5,8582
9/16/18,1238,606,20.5,532,20,16.9,12.2,17.2,11.9,7.2,94,73.3,46,29.7,29.6,29.5,9030
9/17/18,1782,533,19.5,618,20,13.2,6.1,8.9,6.6,2.8,100,68.6,35,29.9,29.8,29.7,9291
9/18/18,1470,533,20.2,684,22.8,14.9,7.2,11.1,9.1,6.1,94,71.5,41,29.8,29.8,29.7,7137
9/19/18,1656,533,21.5,640,26.1,16.9,7.2,12.8,10.4,7.2,100,71.1,34,29.8,29.7,29.7,8775
9/20/18,1617,532,22.5,618,27.2,18.3,11.1,13.9,11.6,10,94,69.8,34,29.7,29.7,29.7,10573
9/21/18,1487,532,22.5,621,27.8,19.3,10,15,11.9,10,100,67.6,32,29.7,29.7,29.6,9923
9/22/18,1598,533,21.9,685,27.8,19.4,11.1,12.8,10.1,6.1,94,60.2,25,29.6,29.5,29.4,12180
9/23/18,1243,767,19.3,652,17.2,11.3,7.8,10,7.6,5,100,80,48,29.6,29.6,29.5,9650
9/24/18,202,1069,19.5,714,15,11.1,7.2,12.8,8.6,6.1,100,84.8,67,29.5,29.3,29.2,8710
9/25/18,851,1038,20.3,700,11.1,8.7,5,7.8,5.7,2.8,93,81.5,67,29.8,29.6,29.4,11364
9/26/18,1660,594,19.3,860,12.2,7.7,2.8,3.9,2.2,-1.1,100,71.3,41,30.1,30,29.8,8685
9/27/18,434,1069,19.4,753,12.8,10.3,7.2,8.9,6,2.2,87,75.3,66,29.9,29.8,29.7,9810
9/28/18,1013,927,20.3,904,17.8,13.2,7.2,12.2,9.7,6.1,100,81,56,29.7,29.6,29.5,8940
9/29/18,278,1069,19.7,699,13.9,10.3,3.9,12.2,8.9,2.8,100,91.8,77,29.8,29.6,29.5,8750
9/30/18,1370,594,19.3,814,13.9,7,0,5,2.7,0,100,78.3,41,29.9,29.9,29.8,4505
10/1/18,1519,594,19.7,792,15,7.9,0,7.2,3.1,0,100,76.2,45,29.8,29.7,29.5,7575
10/2/18,880,819,19.9,715,17.2,11,6.1,12.2,9.4,5,100,90,68,29.5,29.5,29.4,6151
10/3/18,838,898,19.8,741,12.8,10.6,7.8,11.1,7.2,3.9,100,81.2,54,29.4,29.4,29.3,11836
10/4/18,1041,1007,19.8,704,12.2,8.9,6.1,5,2.8,0,87,67,47,29.8,29.5,29.4,6160
10/5/18,1366,710,19.5,732,15,8.1,2.8,5,3.2,2.2,93,72.9,44,29.9,29.9,29.8,9200
10/6/18,1366,688,19.6,649,17.8,9.6,2.2,7.8,4.6,2.2,100,74.1,42,29.9,29.9,29.7,7200
10/7/18,1384,686,19.8,620,18.9,11.8,7.2,8.9,7.1,3.9,93,74.1,49,29.7,29.7,29.6,9280
10/8/18,1082,728,19.8,632,20,12.1,5,12.2,7.4,2.8,87,74.3,56,29.8,29.6,29.6,8360
10/9/18,241,1084,19.3,802,10,6.2,1.1,7.8,4.6,1.1,100,89.7,76,29.9,29.9,29.8,7590
10/10/18,1136,614,20,779,15,5.9,-1.1,7.8,4.1,-1.1,100,89.1,59,30,29.9,29.9,6400
10/11/18,1218,739,19.9,673,18.9,10.6,2.8,8.9,6.6,2.8,100,79.9,49,30,29.9,29.9,7695
10/12/18,1246,729,19.7,722,17.8,11.7,3.9,7.8,4.7,-2.2,100,66.3,26,30.1,30.1,30,5390
10/13/18,1195,608,19.4,804,18.9,8,0,5,1.6,-1.1,100,70.3,28,30.1,30.1,30,5385
10/14/18,1147,745,19.6,747,18.9,7.8,-1.1,6.1,2.1,-1.1,100,74.1,30,30.1,30,30,5850
10/15/18,1072,738,19.7,721,20,9,0,8.9,5.1,0,100,80.2,46,30,29.9,29.9,5319
10/16/18,1036,760,20.2,720,22.8,11.7,2.8,11.1,7.3,2.8,100,78.5,41,29.9,29.9,29.9,5835
10/17/18,997,716,20.4,664,23.9,12.1,3.9,12.2,8.2,3.9,100,80.7,41,29.9,29.9,29.8,5755
10/18/18,989,767,20.2,716,22.8,11.6,3.9,12.8,7.6,3.9,100,80.9,38,29.8,29.8,29.7,5580
10/19/18,785,763,19.7,695,21.1,9.6,2.2,12.2,6.7,2.2,100,86,43,29.7,29.6,29.6,5770
10/20/18,608,1082,19.7,669,15,9.8,6.1,11.1,8.4,6.1,100,92,72,29.7,29.6,29.6,5461
10/21/18,797,1011,19.3,732,13.9,10,3.9,8.9,6.3,2.2,93,78.9,55,29.8,29.7,29.7,5575
10/22/18,977,802,19.3,818,12.2,4.8,-1.1,3.9,1.9,-1.1,100,83.7,54,29.8,29.8,29.6,4070
10/23/18,254,1208,19.5,803,8.9,5.4,0,5,3.3,0,100,85.7,71,29.6,29.4,29.1,4765
10/24/18,365,1200,19.3,839,8.9,6.9,5,7.2,4.7,2.8,100,86.7,71,29.1,28.8,28.7,5117
10/25/18,287,1208,19.2,870,6.1,4.8,3.9,3.9,2.3,-1.1,100,84.7,65,29.1,29,28.8,3720
10/26/18,490,1207,19.1,804,8.9,4.9,2.2,5,3.1,2.2,100,89,66,29.4,29.2,29.1,4055
10/27/18,635,1071,19.5,766,13.9,7.2,0,7.8,4.5,0,100,85,51,29.5,29.4,29.4,2564
10/28/18,584,1208,19.9,686,16.1,11,7.8,10,8.6,7.2,100,86.1,68,29.6,29.5,29.4,5790
10/29/18,199,1208,20,689,15,11.3,7.2,12.8,10.7,7.2,100,96.1,88,29.6,29.6,29.6,5480
10/30/18,142,1208,20.2,643,13.9,13,11.1,13.9,12.8,11.1,100,98.3,94,29.8,29.7,29.6,3842
10/31/18,41,1208,19.6,682,12.8,11,8.9,12.8,9.9,8.9,100,94,82,30,29.9,29.8,4969
11/1/18,105,1208,19.4,747,8.9,8.3,7.2,8.9,7.1,5,100,90.6,82,30.1,30.1,30.1,4694
11/2/18,310,1208,19.8,779,11.1,8.9,7.2,7.2,6.5,5,93,83.9,71,30.1,30,30,5069
11/3/18,358,1143,19.6,774,10,7.7,5,7.2,5.8,3.9,100,88,76,30,30,29.9,5492
11/4/18,193,1208,19.8,752,11.1,8.1,3.9,8.9,7.3,3.9,100,95.6,87,29.9,29.9,29.9,5972
11/5/18,199,1208,19.7,782,10,7.1,0,8.9,6,0,100,93.2,76,30,29.9,29.9,6876
11/6/18,386,1208,20.7,826,10,3.3,-2.2,7.2,2.4,-2.2,100,94.1,66,30,29.9,29.9,5057
11/7/18,672,802,20,954,11.1,3.1,-3.9,5,1.6,-3.9,100,91.1,62,29.9,29.9,29.9,7696
11/8/18,644,879,20.1,948,11.1,1.1,-3.9,6.1,-0.3,-3.9,100,92.7,58,29.9,29.8,29.8,8200
11/9/18,673,819,19.9,970,11.1,0.7,-5,5,-0.7,-5,100,91.9,62,29.8,29.8,29.8,7487
11/10/18,248,1137,20.4,905,3.9,0.1,-5,3.9,0.1,-5,100,100,100,29.8,29.8,29.7,5678
11/11/18,72,1208,20.2,926,2.2,0.4,-1.1,1.1,0.1,-1.1,100,97.7,87,30.1,30,29.8,12859
11/12/18,113,1208,20.4,938,1.1,-0.3,-3.9,1.1,-2,-5,100,88.3,80,30.2,30.1,30.1,9855
11/13/18,677,911,20.6,1045,0,-3.8,-7.2,-6.1,-6.7,-7.2,100,82.5,60,30.2,30.2,30,10136
11/14/18,113,1208,20.6,875,-1.1,-2.7,-5,-1.1,-4.1,-7.2,100,92,74,30,29.9,29.8,10676
11/15/18,178,1208,20.5,929,1.1,-0.6,-3.9,1.1,-0.9,-5,100,97.7,93,30.1,29.9,29.8,10213
11/16/18,570,858,20.3,1069,0,-3.6,-7.2,-3.9,-7.9,-10,100,72.8,55,30.2,30.2,30.1,7693
11/17/18,370,1158,20.6,1067,-2.2,-5.3,-12.2,-7.2,-9.4,-12.8,100,74.4,63,30.2,30.2,30.1,9743
11/18/18,573,917,20.6,1014,2.2,-6.4,-12.8,-5,-8.6,-13.9,100,85.4,52,30.1,29.9,29.8,8985
11/19/18,320,1176,20.3,978,0,-2.5,-7.2,-2.8,-4.8,-7.8,100,84.6,69,29.9,29.8,29.8,9217
11/20/18,510,1175,20.5,998,1.1,-2.5,-8.9,-2.8,-4.6,-8.9,100,85.9,74,29.9,29.8,29.8,10507
11/21/18,215,1208,20.4,915,0,-1.8,-2.8,-3.9,-4.1,-5,93,83.2,75,29.9,29.9,29.9,8096
11/22/18,135,1208,20.4,974,-2.2,-4.2,-8.9,-5,-6.2,-8.9,100,87,80,29.9,29.8,29.8,10793
11/23/18,107,1208,20.7,963,-2.8,-3.4,-3.9,-5,-5.5,-6.1,93,86.7,86,30,29.9,29.8,10113
11/24/18,321,1208,20.3,1003,-3.9,-6.2,-7.2,-6.1,-7.2,-7.8,100,93.2,86,29.9,29.8,29.7,9927
11/25/18,86,1208,20.7,920,0,-2.7,-6.1,0,-2.7,-6.1,100,99.5,93,29.7,29.6,29.4,10805
11/26/18,114,1208,20.4,931,1.1,-0.2,-2.2,1.1,-0.3,-2.2,100,99.7,93,29.5,29.4,29.4,8098
11/27/18,90,1209,20.5,934,-2.2,-3.8,-5,-2.2,-5.1,-7.8,100,91.5,80,29.6,29.5,29.4,11540
11/28/18,566,874,20.4,1070,-2.8,-5.1,-7.2,-6.1,-7.1,-8.9,100,86.8,74,30.1,29.9,29.6,9346
11/29/18,544,933,20.5,1077,-5,-7.1,-12.2,-7.2,-9.4,-13.9,93,84,74,30.4,30.3,30.1,10804
11/30/18,525,1120,20.7,1056,-6.1,-10.2,-17.2,-8.9,-12.9,-17.8,93,81.7,63,30.4,30.2,29.9,9896
12/1/18,204,1208,20.5,983,-6.1,-7.2,-7.8,-7.2,-7.9,-8.9,100,95.2,93,29.9,29.7,29.6,9253
12/2/18,494,934,20.3,1045,-5,-9.8,-17.8,-7.2,-11.4,-18.9,100,89.1,74,29.7,29.7,29.6,9360
12/3/18,247,1208,20.6,1009,0,-7.4,-18.9,-1.1,-8.1,-20,100,95.2,85,29.7,29.6,29.6,7805
12/4/18,161,1208,20.6,907,2.2,1.6,0,2.2,1.1,-1.1,100,96.4,93,29.6,29.6,29.5,7813
12/5/18,87,1098,20.7,950,1.1,0.4,0,1.1,0.1,-1.1,100,98,93,29.7,29.6,29.6,7387
12/6/18,134,1098,20.6,931,1.1,0.6,-1.1,0,-1.3,-2.8,93,88.5,80,29.7,29.7,29.7,6460
12/7/18,151,1098,20.5,936,-1.1,-3.3,-6.1,-2.8,-5.1,-6.1,100,88.2,86,29.7,29.6,29.5,5711
12/8/18,255,1098,19.9,959,1.1,-2.2,-6.1,1.1,-3.2,-6.1,100,93.2,80,29.5,29.4,29.3,5605
12/9/18,128,1097,20.3,904,1.1,0.5,-1.1,1.1,0.5,-1.1,100,100,100,29.3,29.2,29.2,4940
12/10/18,112,1098,20.2,878,0,-1.1,-1.1,0,-1.1,-1.1,100,100,100,29.3,29.2,29.2,4534
12/11/18,118,1098,20.2,867,1.1,-0.6,-3.9,1.1,-0.6,-3.9,100,100,100,29.4,29.4,29.3,4106
12/12/18,92,1098,19,971,0,-0.3,-1.1,0,-0.3,-1.1,100,100,100,29.4,29.4,29.3,4175
12/13/18,177,1098,19.7,903,0,-0.6,-1.1,0,-0.6,-1.1,100,100,100,29.6,29.4,29.4,4405
12/14/18,132,1098,19.6,895,0,-0.9,-1.1,0,-0.9,-1.1,100,99.8,93,29.8,29.7,29.6,3619
12/15/18,155,1098,20.4,906,-1.1,-2.3,-3.9,-1.1,-2.6,-3.9,100,97.8,93,30,29.9,29.8,3315
12/16/18,86,1098,19.9,968,-2.8,-3.8,-3.9,-3.9,-4.3,-5,100,97.1,93,30,30,30,4270
12/17/18,126,1098,19.9,949,-3.9,-5.2,-7.2,-5,-6.2,-7.8,100,93.2,86,30,29.9,29.9,3905
12/18/18,134,1098,20.2,982,-5,-6.4,-7.2,-6.1,-7.3,-7.8,100,93.6,93,30,30,29.9,4331
12/19/18,113,1098,20.8,963,-6.1,-7.1,-7.8,-7.2,-7.8,-8.9,100,94.7,86,30,30,30,3357
12/20/18,118,1098,20.2,972,-3.9,-5.3,-6.1,-3.9,-5.7,-7.2,100,97.6,93,30,29.9,29.9,4096
12/21/18,99,1098,20.3,955,-2.2,-2.9,-3.9,-2.2,-2.9,-5,100,99.9,93,29.9,29.8,29.6,5031
12/22/18,204,1098,19.9,942,0,-2,-3.9,0,-2.3,-5,100,97.8,93,29.6,29.4,29.2,4469
12/23/18,100,1098,20.4,887,2.2,1.2,0,2.2,0.1,-2.8,100,93,80,29.4,29.3,29.2,4913
12/24/18,126,1098,19.8,917,0,-0.8,-2.8,0,-1.7,-3.9,100,93.9,75,29.4,29.3,29.2,5599
12/25/18,191,1099,19.8,987,-2.8,-3.7,-3.9,-2.8,-4.6,-6.1,100,94,86,29.5,29.4,29.3,4734
12/26/18,178,1099,19.9,932,2.2,-1.9,-5,1.1,-2.7,-6.1,100,95.3,93,29.5,29.4,29.3,6162
12/27/18,123,1099,20.5,827,2.2,0.4,-1.1,0,-2.4,-3.9,100,81.5,70,29.6,29.5,29.3,4947
12/28/18,149,1099,20.5,901,2.8,0.9,-1.1,2.8,0.7,-2.8,100,98.6,86,29.5,29.4,29.4,6180
12/29/18,113,1099,20.3,895,2.2,-1,-2.2,2.2,-1.1,-2.2,100,99.2,93,29.7,29.6,29.4,7299
12/30/18,201,1099,20.6,955,-2.2,-2.4,-2.8,-2.2,-2.7,-2.8,100,96.8,93,29.7,29.7,29.7,6486
12/31/18,234,1099,20.4,939,-2.2,-3,-6.1,-2.2,-3.4,-7.2,100,96.1,93,29.9,29.8,29.7,6930
1/1/19,96,1099,20.1,868,1.1,-1.2,-3.9,1.1,-1.9,-5,100,95.8,87,29.9,29.6,29.4,7060
1/2/19,124,1098,20,926,1.1,-0.1,-1.1,0,-0.1,-1.1,100,99.8,93,29.3,29.3,29.2,7551
1/3/19,256,1098,20.3,901,0,-0.7,-2.2,0,-1.7,-3.9,100,93.1,86,29.5,29.4,29.2,6588
1/4/19,215,1098,20.4,910,-1.1,-2.2,-2.8,-2.2,-3.3,-5,93,91.7,86,29.6,29.6,29.6,5105
1/5/19,287,1098,20.1,1008,-2.8,-4.1,-5,-3.9,-6,-7.8,100,87.9,80,29.6,29.4,29.3,8535
1/6/19,246,1098,20,985,-5,-5.3,-6.1,-5,-6.1,-7.2,100,94.8,86,29.6,29.4,29.3,8690
1/7/19,292,1098,20.2,1012,-5,-7.1,-8.9,-7.2,-8.1,-10,100,92.8,86,29.8,29.8,29.6,2760
1/8/19,458,1098,20.6,1034,-7.2,-15.6,-23.9,-8.9,-16.9,-26.1,100,90,77,29.8,29.6,29.4,12385
1/9/19,403,1098,20.9,1094,-8.9,-12.9,-21.1,-10,-13.7,-22.2,100,93.5,85,29.5,29.4,29.4,9093
1/10/19,182,1098,20.7,829,-6.1,-8.2,-11.1,-7.2,-8.8,-11.1,100,95.3,86,29.6,29.5,29.5,9361
1/11/19,228,1098,19.7,995,-6.1,-10.2,-18.9,-7.2,-11.2,-20,100,92.5,85,29.6,29.5,29.4,8305
1/12/19,232,1098,20,1013,-2.8,-7.1,-12.2,-5,-8.3,-12.8,93,91.1,86,29.4,29.2,29.1,10944
1/13/19,297,1098,20.3,961,0,-1.2,-2.8,-1.1,-2.9,-3.9,100,87.1,80,29.2,29.1,29,11648
1/14/19,406,1098,20,1023,1.1,-3.1,-7.2,0,-4.4,-8.9,100,90,80,28.9,28.8,28.7,10314
1/15/19,407,993,19.9,997,0,-3,-6.1,-2.2,-5.8,-7.8,93,81.3,74,29.1,29,28.8,10733
1/16/19,418,1098,20.4,968,-1.1,-4.4,-11.1,-3.9,-6.2,-11.1,100,87.5,74,29.4,29.2,29,12312
1/17/19,267,1098,20,990,0,-3.9,-12.2,-2.2,-5.7,-12.8,100,87.4,80,29.4,29.4,29.3,10258
1/18/19,412,1037,20.4,907,2.8,-1.3,-7.2,1.1,-2.9,-7.2,100,89.8,75,29.4,29.4,29.3,11031
1/19/19,613,1098,20,1009,2.2,-3.7,-12.8,0,-6.9,-13.9,100,79.7,69,29.8,29.6,29.4,12444
1/20/19,484,1002,20.3,1048,-5,-9.9,-16.1,-5,-10.6,-17.2,100,96,85,29.8,29.7,29.6,11196
1/21/19,387,1098,20,1002,-2.8,-6.2,-11.1,-5,-8,-12.8,100,88.3,68,29.7,29.6,29.5,11651
1/22/19,447,1037,20.6,1095,-6.1,-10.4,-16.1,-8.9,-12.4,-17.2,100,86.2,79,29.7,29.7,29.6,11261
1/23/19,170,1037,19,1022,-6.1,-8.1,-10,-7.2,-8.6,-11.1,100,96.2,93,29.6,29.4,29.3,9850
1/24/19,609,897,20.2,1060,-6.1,-9.3,-17.2,-7.8,-10.6,-17.8,100,90.5,74,29.6,29.4,29.3,8863
1/25/19,628,917,20.1,1054,-7.8,-11.9,-17.8,-11.1,-14.3,-18.9,100,83.3,73,29.7,29.6,29.5,7947
1/26/19,214,1098,20.8,1024,-5,-7.1,-8.9,-5,-7.3,-11.1,100,98.6,79,29.5,29.3,29.2,7350
1/27/19,508,1098,19.8,1040,-6.1,-7.6,-8.9,-6.1,-8.8,-10,100,92.1,80,29.3,29.2,29.1,7650
1/28/19,280,1098,20.2,998,-3.9,-7.9,-10,-3.9,-8.2,-11.1,100,98.3,86,29.4,29.3,29.3,6133
1/29/19,142,1208,20,943,2.2,0.2,-2.8,2.2,0.1,-2.8,100,99.7,93,29.4,29.3,29.2,6332
1/30/19,160,1208,21.5,848,2.8,1.2,0,2.8,1.2,0,100,100,100,29.4,29.3,29.3,5151
1/31/19,172,1208,20.4,904,1.1,0.3,0,1.1,0.3,0,100,100,100,29.4,29.4,29.3,5387
2/1/19,217,1208,20.7,887,1.1,0.4,0,1.1,0.4,0,100,100,100,29.5,29.4,29.4,5529
2/2/19,183,1208,19.8,844,1.1,0.1,0,1.1,0.1,0,100,100,100,29.6,29.6,29.5,4530
2/3/19,181,1208,20.5,895,2.2,0.8,0,2.2,0.8,0,100,100,100,29.6,29.6,29.6,4630
2/4/19,257,1208,20.9,838,2.8,2,0,2.8,1.9,0,100,99.6,93,29.9,29.7,29.6,4070
2/5/19,180,1208,20.6,880,1.1,0.7,0,0,-0.9,-1.1,93,90.5,87,30,29.9,29.9,4903
2/6/19,268,1208,20.7,800,0,-1.6,-7.8,0,-1.8,-7.8,100,99.1,93,29.9,29.8,29.7,3665
2/7/19,771,1230,21.2,1012,3.9,-3.7,-8.9,-1.1,-4.8,-8.9,100,92.6,61,29.9,29.8,29.8,4272
2/8/19,363,1439,21.2,970,-1.1,-4.3,-8.9,-2.8,-5.8,-10,100,89.8,75,29.8,29.8,29.8,3021
2/9/19,348,1439,21.3,974,-2.2,-2.6,-2.8,-5,-5.7,-6.1,86,80.4,74,29.8,29.7,29.7,5840
2/10/19,533,1439,21.1,976,-1.1,-3.3,-7.2,-2.8,-5.2,-7.8,100,87.2,80,29.7,29.6,29.5,4885
2/11/19,140,1439,20.9,971,2.2,-0.7,-6.1,1.1,-1.7,-7.2,100,93.5,87,29.5,29.4,29.3,5565
2/12/19,208,1439,21.1,969,2.2,0.9,0,2.2,0.9,0,100,100,100,29.4,29.3,29.3,5486
2/13/19,509,1439,21.2,979,1.1,-0.6,-2.2,0,-2.8,-6.1,100,85.2,64,29.7,29.6,29.4,5951
2/14/19,262,1439,21.4,943,2.2,0.3,-1.1,1.1,0,-1.1,100,98.1,93,29.9,29.8,29.7,6288
2/15/19,558,1439,21.4,935,2.2,1.2,0,2.2,-0.2,-1.1,100,92.3,81,30,29.9,29.8,3197
2/16/19,597,1439,21.3,916,6.1,2.8,1.1,2.8,1.7,1.1,100,92.2,76,29.8,29.8,29.7,9658
2/17/19,902,1190,21.2,939,7.2,3.8,1.1,2.2,1.2,0,100,84.3,66,29.7,29.6,29.5,6400
2/18/19,1085,1113,21.2,1021,5,0.9,-5,0,-3.6,-7.2,100,75.3,42,29.8,29.7,29.6,7681
2/19/19,1071,1095,21.2,1017,3.9,-0.8,-6.1,-2.2,-4.4,-7.2,100,78.5,52,29.8,29.7,29.6,7005
2/20/19,440,1122,21.1,897,6.1,2.6,-1.1,2.8,0.1,-3.9,100,84,70,29.5,29.4,29.4,7964
2/21/19,941,1303,21.1,1070,3.9,1.1,-2.8,0,-6,-8.9,75,60.1,41,29.6,29.5,29.4,6270
2/22/19,754,1260,21,1068,-2.8,-5.7,-7.8,-7.8,-11.3,-12.8,86,65.7,50,29.9,29.7,29.6,8335
2/23/19,1194,1090,21.2,1086,-2.2,-4.8,-7.2,-7.8,-10.4,-12.2,86,66,47,30.2,30.1,29.9,7900
2/24/19,586,1439,21.1,968,1.1,-0.9,-3.9,-5,-9.4,-12.2,65,53.9,41,30.1,30,29.9,9005
2/25/19,1005,1175,21.3,985,7.2,2.8,0,-1.1,-3.2,-5,81,65.8,49,29.9,29.7,29.5,8552
2/26/19,306,1439,21.1,974,2.8,1.2,0,1.1,-0.4,-2.2,100,90.5,70,29.5,29.4,29.3,8171
2/27/19,525,1439,21.6,842,3.9,1.6,0,0,-1.8,-3.9,93,79.7,60,29.6,29.5,29.4,9160
2/28/19,747,1369,22.5,934,10,4.6,0,2.2,0.2,-2.8,93,74.7,54,29.4,29,28.8,9025
3/1/19,269,1439,21.7,969,3.9,2,-1.1,1.1,-2.4,-6.1,81,73,64,29.1,29,28.8,12776
3/2/19,1359,1021,22.3,1095,0,-2.6,-6.1,-7.2,-8.8,-11.1,80,63.2,44,29.5,29.3,29.2,11548
3/3/19,1317,1034,22.6,1084,2.8,-1.6,-7.2,-5,-7.6,-10,86,65.2,45,29.6,29.5,29.3,13868
3/4/19,470,1439,22,942,8.9,4.4,1.1,6.1,1.8,-5,100,83.6,60,29.3,29.2,29.1,12915
3/5/19,375,1390,22.2,955,7.8,5.2,1.1,5,1.7,-1.1,93,78.3,66,29.2,29,28.9,14575
3/6/19,682,1001,21.5,929,7.8,4.2,1.1,2.8,0.4,-2.8,93,77,62,29.7,29.4,29.2,14838
3/7/19,1340,755,21.4,970,8.9,3.9,-3.9,1.1,-1.2,-5,93,70.7,54,29.8,29.7,29.5,21046
3/8/19,995,831,21.3,787,13.9,9,3.9,6.1,3.2,-1.1,87,67.6,51,29.5,29.4,29.4,8920
3/9/19,1301,773,21.3,794,12.8,9.1,2.8,5,2.2,-2.2,100,64.8,36,29.5,29.4,29.3,18384
3/10/19,483,1160,20.8,847,8.9,4.3,-1.1,5,0.9,-2.8,100,80.5,53,29.3,29.2,29.1,13806
3/11/19,516,1185,20.5,918,10,3.7,0,3.9,-0.9,-6.1,93,73.1,50,29.3,29.1,28.9,13996
3/12/19,1139,783,21.1,859,6.1,0.9,-3.9,0,-4.1,-6.1,93,71.4,42,29.5,29.4,29.3,9571
3/13/19,1589,673,20.1,889,6.1,0.2,-5,-3.9,-6.6,-10,93,64.8,31,29.6,29.6,29.5,17012
3/14/19,866,898,19.8,867,7.2,3.2,-1.1,-2.2,-4.2,-6.1,80,59.7,43,29.5,29.5,29.4,10384
3/15/19,1395,701,20.2,831,8.9,3.7,0,-2.2,-3.2,-5,81,62,40,29.4,29.3,29.3,8708
3/16/19,446,1090,19.6,900,6.1,3,-1.1,3.9,0.4,-2.8,100,83.5,66,29.3,29.1,29,7860
3/17/19,1025,925,20,792,10,5.3,2.8,2.8,1,-2.2,93,74.7,43,29.5,29.3,29.1,8627
3/18/19,1560,671,20.7,750,17.8,9.2,1.1,6.1,2.3,0,93,65.5,40,29.6,29.5,29.5,7180
3/19/19,198,1148,20,770,10,6.7,3.9,6.1,3.3,0,100,79.8,57,29.8,29.7,29.6,8964
3/20/19,916,1100,20,776,8.9,5.7,1.1,5,1.4,-2.8,100,77,43,29.9,29.9,29.8,4965
3/21/19,803,1146,19.5,809,7.8,3.7,-2.2,2.2,-0.9,-3.9,86,72.2,61,29.9,29.9,29.8,5926
3/22/19,794,981,19.6,748,12.8,7.8,3.9,7.2,0.2,-10,93,63.7,26,29.8,29.7,29.6,4048
3/23/19,1111,956,19.1,869,7.2,3.8,-2.8,-2.8,-5.2,-8.9,93,53.7,36,29.8,29.7,29.7,5560
3/24/19,836,925,19.4,814,11.1,2.7,-3.9,2.2,-1.7,-5,100,75.5,46,29.8,29.6,29.5,3927
3/25/19,1034,669,19.5,848,10,3.8,-2.2,1.1,-2.3,-6.1,93,66.7,32,29.5,29.4,29.3,3856
3/26/19,919,1004,19.6,838,7.8,3.1,-2.2,2.8,-0.3,-2.8,100,80.2,53,29.5,29.4,29.3,3780
3/27/19,651,1111,19.5,901,5,1,-1.1,2.2,-0.3,-2.8,100,92,75,29.8,29.5,29.4,3703
3/28/19,1700,731,19.6,869,6.1,0.6,-6.1,-1.1,-5.6,-10,100,69.2,31,29.9,29.9,29.8,3680
3/29/19,1238,657,19.3,879,10,3.9,-2.8,0,-2.2,-5,93,67.3,43,29.9,29.8,29.6,4820
3/30/19,1298,793,20.1,784,15,8.1,2.8,5,3.5,0,100,74.7,48,29.7,29.7,29.6,5280
3/31/19,1940,559,20.6,671,20,9.4,-1.1,5,1.6,-1.1,100,64.7,24,29.7,29.6,29.5,4525
4/1/19,2079,552,20.6,658,12.2,7.4,2.2,2.2,-4.1,-13.9,87,49.1,16,29.8,29.6,29.5,5070
4/2/19,2080,564,19.6,1007,10,3.8,-2.2,-5,-8.2,-12.2,75,45.5,20,29.9,29.9,29.8,5865
4/3/19,2038,548,19.9,933,11.1,3.7,-5,-5,-7.6,-11.1,80,48.8,21,29.9,29.8,29.7,5960
4/4/19,1980,582,20.2,830,12.2,3.9,-5,-2.8,-7.7,-12.8,93,51.6,16,29.7,29.7,29.6,5680
4/5/19,1930,560,20.4,809,13.9,5.1,-5,-2.2,-6.2,-10,86,51.8,20,29.7,29.6,29.6,6226
4/6/19,1872,558,20.5,827,15,7.3,-2.8,-2.2,-5.8,-7.8,86,45.2,20,29.7,29.7,29.6,7800
4/7/19,1944,606,21.1,680,18.9,11.4,3.9,2.8,-0.8,-5,57,43.8,32,29.6,29.5,29.4,8720
4/8/19,1574,699,21.5,600,21.1,14.2,7.8,5,2.6,-1.1,71,48.8,23,29.4,29.4,29.4,8578
4/9/19,1183,783,21.2,647,20,14.1,10,7.2,5.3,2.8,82,57.4,33,29.4,29.3,29.3,7405
4/10/19,1959,568,20.8,656,21.1,13.5,5,8.9,7,3.9,100,67.9,38,29.4,29.4,29.3,8000
4/11/19,457,1146,19.6,782,12.8,9.5,7.2,10,7,5,93,84.7,71,29.4,29.4,29.4,8099
4/12/19,269,1146,19.4,846,8.9,7.3,5,7.8,6.4,3.9,100,93,87,29.6,29.5,29.4,9180
4/13/19,570,1085,18.6,822,7.8,5.3,3.9,3.9,2.9,1.1,100,85.5,71,29.6,29.6,29.6,6760
4/14/19,1308,802,19,948,7.8,4.6,0,1.1,-0.1,-2.8,100,73.7,53,29.7,29.6,29.6,7535
4/15/19,651,1124,19.2,936,6.1,2.7,-1.1,2.2,-1.1,-2.8,93,77.5,61,29.7,29.6,29.6,7190
4/16/19,338,1146,19.8,893,10,7.2,2.8,8.9,6.4,2.8,100,94.4,87,29.6,29.5,29.5,6665
4/17/19,1354,866,19.9,809,13.9,9.5,7.2,7.8,4.9,2.2,93,74,51,29.9,29.7,29.6,7805
4/18/19,2103,553,20.7,764,15,8.2,0,3.9,0.9,-2.2,100,64.7,34,30,29.9,29.8,7205
4/19/19,1545,662,20.2,834,12.8,8.4,2.2,3.9,0.8,-3.9,87,61.8,31,29.9,29.9,29.8,10060
4/20/19,1693,682,20.5,785,16.1,7.7,-2.2,3.9,-1.6,-6.1,100,59.6,23,29.9,29.9,29.8,10060
4/21/19,1834,580,20.5,753,16.1,9.4,3.9,2.8,-1.4,-6.1,81,51.7,23,29.8,29.8,29.7,4040
4/22/19,2019,549,20.7,763,17.8,9.9,0,1.1,-3.2,-7.2,80,46.1,19,29.9,29.9,29.8,21816
4/23/19,1995,559,21.2,745,20,11.6,1.1,2.8,-1.3,-6.1,87,47.8,19,30,29.9,29.9,11149
4/24/19,2210,547,21.8,675,22.2,12.1,1.1,6.1,0.7,-5,100,56,17,29.9,29.9,29.9,17620
4/25/19,2222,546,21.5,646,22.2,13.9,5,6.1,2.1,0,93,50.4,23,29.9,29.8,29.7,16190
4/26/19,2411,518,21.6,652,22.2,14.6,5,6.1,3.4,0,81,51.8,26,29.8,29.7,29.6,16900
4/27/19,2258,508,22.1,535,22.2,15.2,8.9,11.1,8.2,6.1,82,64.8,46,29.6,29.4,29.3,16559
4/28/19,909,945,21.6,551,20,15.6,12.2,16.1,13.2,8.9,100,86.7,60,29.4,29.3,29.3,8440
4/29/19,303,1146,19.7,717,13.9,10.9,7.8,12.8,10.1,7.2,100,95.6,87,29.5,29.4,29.4,19765
4/30/19,376,1146,19.9,793,8.9,8,7.2,8.9,7.7,7.2,100,98,93,29.5,29.4,29.4,10000
5/1/19,286,1267,19.8,724,11.1,8.3,5,11.1,8.2,5,100,99.8,93,29.4,29.2,29,10580
5/2/19,1648,888,20.8,687,17.2,10.8,6.1,8.9,7.6,6.1,100,82.9,52,29.1,29.1,29,9290
5/3/19,2091,616,21,680,18.9,12.8,7.8,11.1,9.1,7.8,100,81.1,49,29.3,29.2,29.1,11069
5/4/19,1377,804,20.8,633,17.8,13.2,7.8,11.1,10,7.8,100,83.4,52,29.4,29.3,29.2,11840
5/5/19,1883,576,21.6,578,22.2,16.8,12.2,12.2,9.9,7.2,94,66.7,38,29.4,29.4,29.3,7980
5/6/19,673,1093,20.6,574,17.2,14.8,12.8,12.8,11.1,7.8,94,78.9,55,29.4,29.3,29.3,9359
5/7/19,1199,814,20.7,558,20,15.7,12.8,15,13.2,11.1,100,86.5,64,29.3,29.2,29.2,7138
5/8/19,541,1266,20,652,12.8,8.9,7.8,12.2,8.5,7.8,100,97.3,87,29.5,29.4,29.3,7939
5/9/19,354,1266,19.5,736,10,8.7,7.8,8.9,8.1,6.1,100,95.6,87,29.5,29.4,29.3,5509
5/10/19,1677,774,20.1,603,12.2,12.2,12.2,12.2,11.5,11.1,100,96,94,29.4,29.4,29.4,6481
5/11/19,1830,966,21.3,612,18.9,14.2,10,12.2,10.3,7.8,100,79.3,55,29.6,29.4,29.4,5576
5/12/19,2484,666,21.6,611,20,14.2,7.8,12.8,10.6,7.2,100,80,52,29.7,29.7,29.6,5100
5/13/19,2132,547,22.2,580,22.8,15.9,7.2,13.9,11.3,7.2,100,76.3,47,29.8,29.7,29.7,5349
5/14/19,2066,765,22.3,574,23.9,17.3,12.8,15,12.8,8.9,100,77.8,43,29.7,29.6,29.6,5430
5/15/19,2038,800,23,532,25,18.5,12.2,17.2,13.4,10,100,75,44,29.6,29.6,29.6,5241
5/16/19,1904,726,23.4,538,27.2,20.8,15,17.2,14.6,12.8,100,70.1,44,29.6,29.6,29.5,6460
5/17/19,2407,616,23.8,496,27.2,20.8,16.1,17.8,15.2,13.9,88,71.4,51,29.6,29.5,29.5,6764
5/18/19,2517,620,22.9,506,25,20.4,15,13.9,11.5,6.1,82,58.8,38,29.5,29.5,29.4,6340
5/19/19,2792,547,23.1,545,26.1,19.7,12.8,12.2,8.6,7.2,67,50.4,32,29.5,29.5,29.5,5846
5/20/19,2776,547,23.5,549,27.2,21.1,12.2,11.1,8.3,6.1,82,46.9,26,29.6,29.5,29.5,6557
5/21/19,1321,944,21.6,531,22.8,18.7,15,16.1,12.3,7.2,100,68.1,46,29.5,29.4,29.4,8086
5/22/19,2339,681,22.7,535,22.8,17.7,11.1,16.1,13,10,100,77.1,46,29.4,28.8,29.4,7104
5/23/19,2189,765,23.7,555,25,19.4,12.8,16.1,13.9,11.1,100,73.5,41,29.4,29.3,29.3,6248
5/24/19,1852,809,23.5,567,27.2,19.9,13.9,17.2,14.4,11.1,100,73.4,42,29.4,29.3,29.3,10054
5/25/19,1581,599,21.9,524,21.1,17.5,13.9,17.2,15.3,12.8,100,87.1,73,29.4,29.3,29.2,9719
5/26/19,2530,550,22.2,503,23.9,19.1,13.9,15,11.6,7.8,100,65.2,36,29.5,29.4,29.3,6200
5/27/19,2464,546,23.7,498,27.2,19.2,11.1,17.8,13.7,10,94,73.5,44,29.6,29.5,29.5,8215
5/28/19,2430,486,24.7,536,27.2,21.7,13.9,15,13,10,94,61.5,36,29.6,29.5,29.5,7175
5/29/19,2292,421,24.2,536,27.2,21.3,16.1,17.2,14.4,12.2,88,65.8,45,29.5,29.5,29.4,13120
5/30/19,2149,200,23.6,503,27.8,21.6,13.9,18.9,16.2,12.8,94,72.8,48,29.6,29.5,29.5,11325
5/31/19,1305,0,21.6,457,27.2,21.2,16.1,18.9,16.8,15,100,77.5,58,29.6,29.6,29.6,9940
6/1/19,2682,0,23,503,26.1,21.2,16.1,17.8,15.3,12.2,100,71.7,44,29.6,29.6,29.6,11040
6/2/19,2324,0,22.6,504,27.2,20.3,15,17.8,15.7,12.8,100,76.9,45,29.6,29.6,29.5,12445
6/3/19,1944,0,24.4,528,27.8,21.7,12.8,17.8,15.2,12.2,100,70.7,37,29.6,29.6,29.6,16196
6/4/19,2322,0,23.3,515,28.9,21.6,17.2,18.9,16.8,15,94,75.5,45,29.6,29.6,29.6,13220
6/5/19,1983,0,22.9,529,25,21,17.8,18.9,17.6,16.1,100,81.3,65,29.6,29.6,29.6,24365
6/6/19,2615,0,24,521,27.2,22.2,17.2,18.9,17.4,15,100,76.7,48,29.6,29.6,29.6,14185
6/7/19,2117,0,23.3,497,27.8,21.6,17.2,20,17.1,13.9,100,78.1,45,29.7,29.7,29.6,7632
6/8/19,2583,0,23.7,477,27.8,21.9,16.1,20,17.5,15,100,77.7,51,29.7,29.7,29.6,22820
6/9/19,2102,0,23.7,473,28.9,21.9,16.1,20,17.5,15,94,77.8,48,29.7,29.7,29.7,14040
6/10/19,2761,0,24.9,448,27.8,23.1,17.8,17.8,17.1,16.1,94,69.3,51,29.7,29.7,29.6,15101
6/11/19,2743,0,25.2,463,30,24.2,16.1,20,17.4,15,94,67.8,45,29.7,29.6,29.6,11290
6/12/19,2836,0,25.5,475,30,25.1,17.2,18.9,17.2,13.9,94,63.7,37,29.6,29.6,29.5,7225
6/13/19,2737,0,25.2,477,31.1,24.7,17.2,22.2,18.3,16.1,100,69.6,40,29.6,29.6,29.6,32588
6/14/19,2436,0,25.4,457,31.1,25,20,20,19.1,17.8,94,72.1,46,29.7,29.6,29.6,17010
6/15/19,2752,0,25.8,516,32.8,25.3,17.8,21.1,15.7,7.8,100,62.1,21,29.6,29.6,29.5,6700
6/16/19,2510,0,23.9,460,30,23.2,16.1,17.8,15.7,12.8,94,65.2,39,29.5,29.5,29.5,14990
6/17/19,1939,0,23.7,474,31.1,23.2,16.1,20,16.7,13.9,100,70.7,37,29.6,29.5,29.5,9540
6/18/19,2760,0,24.6,388,27.8,23.2,17.8,20,16.9,15,100,69.3,45,29.6,29.6,29.5,7980
6/19/19,2823,0,24.5,440,28.9,23.2,16.1,17.8,15.4,12.8,94,64.4,39,29.6,29.6,29.5,9000
6/20/19,2640,0,24.5,436,31.1,23.8,15,17.8,15.2,12.2,100,63.7,33,29.5,29.5,29.5,6391
6/21/19,2776,0,25,452,32.8,25.2,17.2,17.8,14.6,11.1,94,57.2,26,29.6,29.5,29.5,5530
6/22/19,2767,0,25.7,456,33.9,25.7,13.9,18.9,14.4,10,94,56.6,24,29.6,29.6,29.5,5779
6/23/19,2256,0,24.9,451,32.8,25,17.8,20,17,13.9,94,64.6,31,29.6,29.6,29.5,6236
6/24/19,2616,0,24.5,421,31.1,24,17.2,18.9,17.5,16.1,94,68.9,43,29.7,29.6,29.6,5667
6/25/19,2977,0,23.5,437,28.9,23.6,17.2,17.2,13.1,7.8,83,55.3,27,29.9,29.8,29.7,5580
6/26/19,2781,0,24.1,458,31.1,22.9,12.2,13.9,12,8.9,94,55.1,28,29.9,29.8,29.6,6384
6/27/19,1465,0,23,485,30,21.6,17.8,21.1,16.9,13.9,100,77.3,40,29.6,29.4,29.2,5370
6/28/19,1420,0,19.6,489,21.1,17.1,12.8,13.9,11.4,7.8,94,70.1,46,29.4,29.3,29.3,6110
6/29/19,2110,0,20.1,499,22.2,15.8,8.9,12.8,7.9,2.2,100,65.1,30,29.5,29.4,29.4,3796
6/30/19,2200,0,21.7,441,26.1,17.8,7.8,13.9,10.8,7.8,100,67.5,39,29.5,29.5,29.4,3840
7/1/19,2887,0,26,524,32.8,24.8,13.9,20,15.7,12.8,94,60.7,34,29.5,29.4,29.4,3878
7/2/19,1944,0,23.6,463,27.2,22.8,17.2,17.8,16.1,13.9,88,66.8,54,29.4,29.4,29.4,4885
7/3/19,2838,0,22,432,26.1,20.1,13.9,15,10.2,6.1,100,58.3,30,29.6,29.5,29.4,5840
7/4/19,2279,0,20.6,531,22.8,16.4,8.9,11.1,6.2,2.8,87,55.4,27,29.6,29.6,29.6,4045
7/5/19,2250,0,21.2,481,25,17.4,6.1,16.1,8.4,5,100,61.9,29,29.6,29.5,29.4,4485
7/6/19,2664,0,21.2,440,23.9,18.9,12.8,15,9.3,2.8,94,59.6,25,29.4,29.3,29.3,5545
7/7/19,1732,0,21.8,536,26.1,20.1,13.9,17.8,14.2,10,100,70.8,50,29.3,29.3,29.2,5880
7/8/19,2053,0,21.3,465,23.9,18.4,13.9,16.1,12.2,6.1,100,72.6,34,29.3,29.3,29.2,6180
7/9/19,2276,0,21.3,514,22.2,17.4,12.8,10,8.8,6.1,82,58.6,38,29.4,29.3,29.3,5811
7/10/19,1533,0,20.5,649,21.1,15.6,12.2,12.8,11.4,8.9,94,75.9,56,29.3,29.3,29.2,5845
7/11/19,1644,0,20.9,664,20,14.9,10,12.8,11.8,10,100,82.7,52,29.3,29.3,29.2,6120
7/12/19,2008,0,21.1,604,22.2,16,10,13.9,11.9,10,100,79.4,49,29.4,29.3,29.3,10260
7/13/19,2379,0,21.2,545,22.8,17,10,13.9,11.1,7.2,100,72.6,36,29.4,29.4,29.3,10540
7/14/19,2037,0,21.2,652,25,17.1,8.9,16.1,12.3,8.9,100,76.8,41,29.4,29.4,29.3,8660
7/15/19,1349,0,20.5,513,21.1,17.6,13.9,16.1,14.4,12.8,100,83.4,64,29.4,29.4,29.3,9715
7/16/19,2733,0,21.4,512,25,18.1,11.1,15,11.9,7.2,100,72.7,32,29.4,29.4,29.3,8505
7/17/19,1403,0,20.7,660,22.8,16.2,11.1,16.1,12.2,7.8,100,79.6,38,29.3,29.3,29.3,8275
7/18/19,2272,0,21,556,22.8,16.9,11.1,12.8,11.4,7.8,100,72.8,41,29.4,29.4,29.3,12305
7/19/19,2509,0,21.7,495,27.2,20.1,12.8,12.8,11.2,7.8,94,61,30,29.6,29.5,29.4,9120
7/20/19,2415,0,22.8,477,28.9,21.3,11.1,12.8,10.1,6.1,94,55.3,25,29.6,29.6,29.6,9400
7/21/19,2306,0,23.4,488,30,22.9,15,20,14.5,11.1,94,63.5,35,29.6,29.6,29.6,10280
7/22/19,1622,0,22.2,513,27.2,20.8,15,20,16.9,13.9,100,80.3,51,29.6,29.6,29.5,13085
7/23/19,2271,0,22,485,26.1,20.4,16.1,17.2,13.4,7.8,100,69,32,29.6,29.5,29.4,8885
7/24/19,1319,0,21.5,513,23.9,18.7,15,17.8,16,15,100,85,57,29.5,29.4,29.4,10125
7/25/19,2343,0,21.9,475,27.2,20.6,12.8,16.1,13.8,11.1,100,69.4,39,29.5,29.5,29.5,9440
7/26/19,1717,0,21.8,503,26.1,19.6,12.8,16.1,13.9,12.2,100,73.9,42,29.5,29.4,29.4,8285
7/27/19,2318,0,22.5,449,27.8,20.9,12.8,17.2,15.4,12.8,100,73.8,42,29.4,29.4,29.4,8520
7/28/19,2263,0,23.9,450,32.2,23.2,13.9,17.8,15.2,12.8,100,65.8,33,29.4,29.4,29.3,8460
7/29/19,1982,0,24.3,503,32.2,24.1,15,18.9,16.2,13.9,100,65.4,33,29.3,29.3,29.2,7430
7/30/19,2017,0,24.5,440,30,23.1,17.8,20,18.2,15,100,76.7,42,29.3,29.2,29.2,9525
7/31/19,2349,0,22.3,460,25,20.6,12.8,18.9,13.3,7.8,100,66.1,38,29.4,29.3,29.2,9039
8/1/19,930,0,20.3,705,18.9,14.8,8.9,12.2,9.1,7.2,94,70.4,52,29.5,29.5,29.4,7675
8/2/19,1584,0,21.1,540,25,18.3,12.8,16.1,12.6,10,100,71.8,41,29.5,29.4,29.3,7649
8/3/19,1110,0,20.8,619,22.2,17.4,12.2,13.9,12.7,10,100,76.1,46,29.4,29.3,29.3,7885
8/4/19,2324,0,20.7,622,22.8,17.3,11.1,13.9,8.2,3.9,94,59.6,31,29.3,29.3,29.2,6460
8/5/19,2027,0,20.7,564,21.1,14.8,8.9,12.2,9.7,5,94,73.6,35,29.4,29.4,29.4,6767
8/6/19,2564,0,21.2,573,25,16.8,7.2,12.2,6.9,1.1,100,60.8,21,29.5,29.5,29.4,6840
8/7/19,2229,0,22.7,498,30,21.3,12.2,17.2,13.1,7.2,88,62.1,37,29.5,29.5,29.4,7505
8/8/19,1356,0,23.1,484,31.1,22.5,17.8,20,17.2,15,94,73.2,45,29.4,29.4,29.2,9524
8/9/19,2041,0,22.2,484,27.8,20.3,12.8,16.1,13.7,11.1,100,70.5,35,29.5,29.4,29.4,8640
8/10/19,2334,0,21.8,486,25,19.2,12.8,15,12.7,10,100,69.6,41,29.6,29.5,29.4,9420
8/11/19,1152,0,21.4,551,25,18.9,11.1,17.8,14.3,10,100,76.3,53,29.6,29.6,29.6,9230
8/12/19,2371,0,23.5,476,30,21.9,13.9,17.8,14.8,12.8,100,69.5,35,29.6,29.6,29.6,11536
8/13/19,2153,0,25.9,494,36.1,27.1,17.2,22.2,17.5,13.9,89,58.7,34,29.6,29.5,29.4,9140
8/14/19,2168,0,25.5,452,33.9,26.1,18.9,21.1,18.2,15,100,66.1,32,29.5,29.4,29.3,11014
8/15/19,542,0,21.8,690,21.1,18.8,17.8,18.9,14.8,12.8,94,77.8,64,29.4,29.4,29.3,7740
8/16/19,347,0,20.4,710,17.8,16.7,15,13.9,13.1,11.1,94,79.9,68,29.5,29.4,29.4,6835
8/17/19,657,0,20.6,734,17.8,16.2,15,13.9,12.4,11.1,94,78.2,68,29.5,29.4,29.4,6600
8/18/19,2397,0,21.7,484,26.1,18.7,10,13.9,10.3,7.8,100,63.8,32,29.6,29.5,29.4,8267
8/19/19,2274,0,22.8,491,30,20.7,8.9,12.2,9.8,7.8,94,56,27,29.7,29.6,29.6,6445
8/20/19,2183,0,24.6,551,32.2,23.1,12.2,12.8,11.4,10,94,52.7,27,29.8,29.7,29.7,8220
8/21/19,2181,0,23.8,544,32.8,23.9,12.8,16.1,13.2,12.2,94,56.2,28,29.8,29.7,29.7,10195
8/22/19,1693,0,22.6,539,25,20.1,15,17.2,15.1,12.8,94,74,57,29.8,29.8,29.7,8555
8/23/19,2033,450,22,484,26.1,19.7,13.9,15,13.4,12.2,88,68.9,47,29.9,29.8,29.8,7865
8/24/19,2227,450,23.3,481,27.8,20.5,12.8,13.9,12,10,88,60.8,37,29.9,29.8,29.8,8015
8/25/19,2245,450,23.4,472,27.8,20.5,12.8,12.8,10.2,7.8,77,54.7,30,29.9,29.8,29.8,5340
8/26/19,2139,450,23.6,489,28.9,21.3,12.2,12.8,12.2,11.1,94,59,35,29.9,29.9,29.8,15240
8/27/19,2128,450,23.3,480,28.9,20.7,10,12.2,10.9,8.9,100,58.8,28,29.8,29.8,29.7,8356
8/28/19,2071,450,23.4,465,27.8,21,13.9,13.9,12.1,10,88,59.2,37,29.8,29.8,29.7,10321
8/29/19,2133,450,22,476,27.2,20,12.2,10,7.3,5,77,47.4,26,29.8,29.8,29.7,9384
8/30/19,2046,450,22.3,477,28.9,19.5,7.8,7.2,4.9,3.9,87,43,20,29.8,29.7,29.7,8790
8/31/19,1879,449,23.7,463,30,21.7,13.9,16.1,11.4,6.1,73,53.2,33,29.7,29.7,29.6,12730
9/1/19,1796,450,23.3,459,27.8,21.6,15,15,14.1,12.8,94,65.3,42,29.6,29.6,29.5,10790
9/2/19,1917,450,23.3,460,30,21.6,12.2,15,12.6,10,94,61.1,29,29.5,29.5,29.5,10440
9/3/19,1776,240,23.6,464,31.1,22.6,12.8,17.2,13.3,11.1,88,59.5,35,29.5,29.5,29.4,10741
9/4/19,573,450,20.4,627,20,16.1,10,15,11.7,8.9,94,75.3,56,29.6,29.6,29.5,7115
9/5/19,1624,450,20.8,530,21.1,14.4,-17.8,12.2,10,-17.8,100,74.8,0,29.6,29,29.5,6461
9/6/19,1478,450,21,528,23.9,15.3,6.1,12.8,10.8,6.1,100,77.2,47,29.7,29.6,29.6,5790
9/7/19,1641,450,21.8,470,27.2,19.1,10,15,12.6,8.9,94,69.4,45,29.7,29.7,29.7,7801
9/8/19,1820,450,22.1,483,30,21,10,13.9,9.4,6.1,100,54.1,25,29.8,29.8,29.7,8260
9/9/19,1877,450,21.4,522,27.8,20.2,7.8,10,6.1,2.8,82,44.8,20,29.8,29.8,29.7,7395
9/10/19,1903,450,21,552,27.2,19.3,10,8.9,4.4,1.1,76,41.9,20,29.8,29.8,29.7,8385
9/11/19,1744,450,20.9,569,27.8,17.8,7.8,7.8,4.6,2.8,71,45.9,21,29.9,29.9,29.8,8740
9/12/19,1704,510,21.5,581,28.9,17.9,6.1,7.8,4.3,2.2,87,47.1,19,29.9,29.9,29.9,4581
9/13/19,1661,539,22,529,28.9,18.6,7.2,8.9,6.4,3.9,82,49.9,22,29.9,29.8,29.7,7585
9/14/19,1459,539,20.6,559,21.1,16.1,7.8,11.1,6.1,0,77,53.9,27,29.8,29.8,29.7,11519
9/15/19,1612,539,20.2,646,21.1,13.8,5,6.1,3.6,0,87,53.6,31,29.9,29.8,29.6,6670
9/16/19,1432,538,20.5,524,23.9,17.8,12.2,7.8,5.2,2.8,62,44.7,27,29.6,29.4,29.3,7285
9/17/19,1832,539,21,595,18.9,14.6,8.9,6.1,3,0,62,47.1,28,29.4,29.3,29.2,7605
9/18/19,1156,539,19.8,750,12.8,11.3,8.9,7.8,4.2,1.1,87,62.9,47,29.5,29.3,29.1,8676
9/19/19,1367,539,20.5,803,15,10.1,6.1,6.1,4.6,2.2,93,70.7,45,29.6,29.6,29.5,8540
9/20/19,933,539,20,915,12.8,7.8,2.2,6.1,3.8,1.1,100,78.2,44,29.6,29.6,29.6,6801
9/21/19,1533,539,20.4,773,15,9.6,2.8,8.9,1.9,-3.9,93,64,29,29.8,29.7,29.6,6920
9/22/19,891,599,20.3,657,18.9,14.4,11.1,11.1,8.9,6.1,94,71.8,43,29.6,29.5,29.4,8353
9/23/19,1593,539,20,780,13.9,9.4,3.9,8.9,1.4,-2.8,82,60.2,31,29.7,29.6,29.5,8255
9/24/19,1647,539,21,833,16.1,6.6,-3.9,0,-3.9,-7.2,100,54.4,22,29.7,29.7,29.6,8235
9/25/19,872,539,20.4,813,17.2,9.8,2.2,3.9,0.4,-5,75,53.6,42,29.6,29.6,29.5,9995
9/26/19,394,959,20,794,13.9,10.6,6.1,11.1,6.4,2.2,100,77.4,58,29.5,29.5,29.4,5980
9/27/19,276,659,19.9,763,12.2,11.1,10,11.1,10.2,10,100,95.1,88,29.6,29.5,29.4,19182
9/28/19,1288,599,20.8,583,17.8,13,8.9,11.1,8.7,6.1,100,77.9,52,29.6,29.6,29.5,11736
9/29/19,961,658,21.2,620,20,14.4,10,13.9,11.5,8.9,100,83.4,56,29.5,29.4,29.4,13231
9/30/19,635,539,20.3,605,20,15.3,8.9,12.8,10.8,8.9,100,76.1,56,29.4,29.2,29,11270
10/1/19,1029,540,19.8,629,17.2,13.7,8.9,12.2,8.4,5,94,71.8,45,29.4,29.3,29.1,9950
10/2/19,1456,539,21.7,613,23.9,15.4,7.2,10,8.1,5,93,64.6,36,29.4,29.4,29.3,10293
10/3/19,1129,539,21.5,555,25,17.4,12.2,15,11.6,7.2,94,70.2,44,29.3,29.3,29.2,10800
10/4/19,589,1019,19.9,676,12.8,9.9,3.9,11.1,7.2,3.9,100,83.8,63,29.4,29.4,29.3,14053
10/5/19,608,538,19,788,12.8,8.1,2.2,7.2,4.2,2.2,100,79.3,51,29.4,29.4,29.3,8225
10/6/19,1030,600,19.2,820,11.1,7.6,5,5,3.5,1.1,93,77.3,54,29.5,29.4,29.3,8180
10/7/19,811,599,20,851,6.1,4.4,1.1,2.8,-1.6,-7.2,93,67.5,39,29.6,29.6,29.5,8385
10/8/19,1281,599,19.2,902,11.1,4.3,-3.9,1.1,-1.8,-5,100,68.1,41,29.7,29.7,29.6,8169
10/9/19,478,781,18.9,746,13.9,8.9,6.1,3.9,1.3,-2.8,76,60.3,44,29.6,29.6,29.5,7484
10/10/19,692,598,19.4,704,17.8,13.3,7.8,10,7.1,5,88,67,48,29.5,29.4,29.4,8620
10/11/19,1067,599,19.4,760,15,10.9,7.2,7.2,5.4,2.8,93,70.1,45,29.7,29.6,29.5,9064
10/12/19,878,644,19.4,635,17.8,11.4,2.8,6.1,3.8,2.2,93,64.2,37,29.7,29.7,29.6,6565
10/13/19,1180,597,20.4,579,23.9,15.3,6.1,7.8,5.9,2.8,81,55.4,34,29.7,29.7,29.6,8805
10/14/19,1135,629,20.4,603,23.9,14.4,6.1,10,6.1,3.9,87,62.2,27,29.7,29.7,29.6,9404
10/15/19,1032,636,20.4,601,23.9,13.7,6.1,11.1,7.9,6.1,100,72.1,34,29.7,29.7,29.6,10651
10/16/19,1107,647,20.1,601,22.8,13.2,6.1,12.2,7.1,3.9,100,71.9,29,29.7,29.7,29.6,10722
10/17/19,1055,645,19.9,607,22.8,12.7,6.1,10,6.4,2.8,93,67.8,41,29.7,29.6,29.6,10050
10/18/19,1002,640,19.8,615,21.1,11.3,2.8,11.1,6.2,2.8,100,75.3,40,29.7,29.7,29.6,10560
10/19/19,932,652,19.9,630,23.9,12.3,2.8,10,6.3,2.8,100,72,36,29.7,29.7,29.6,8884
10/20/19,942,629,19.1,593,17.8,10.5,5,11.1,8,5,100,85.4,59,29.8,29.7,29.7,9542
10/21/19,466,629,19,696,16.1,9.4,3.9,12.2,8.3,3.9,100,93.7,72,29.8,29.8,29.7,7193
10/22/19,407,629,19.3,678,13.9,9.9,6.1,12.2,9.6,6.1,100,98,88,29.8,29.8,29.8,3265
10/23/19,493,689,19.9,677,16.1,10.3,7.2,12.8,9.8,7.2,100,97.3,82,29.8,29.7,29.7,6920
10/24/19,263,780,19.1,752,11.1,8.8,5,11.1,8.7,5,100,99.9,93,29.7,29.7,29.7,4697
10/25/19,146,839,19,720,11.1,10.2,8.9,10,9.8,8.9,100,98.2,94,29.7,29.7,29.7,6802
10/26/19,216,718,19.1,749,12.2,10.6,8.9,10,9.1,7.8,100,92.2,82,29.8,29.8,29.7,5040
10/27/19,627,659,18.8,685,13.9,10.1,7.8,8.9,8.5,7.2,100,90.5,72,29.7,29.6,29.5,6999
10/28/19,204,1079,18.9,688,12.2,8.4,2.8,7.8,6.8,2.8,100,89.6,72,29.6,29.5,29.4,5887
10/29/19,652,825,19.4,745,11.1,4.6,-2.2,3.9,1.3,-2.8,100,81.8,54,29.6,29.6,29.6,4940
10/30/19,782,669,18.3,1006,6.1,0.7,-6.1,2.2,-3.4,-7.8,93,76.3,42,29.9,29.7,29.6,5555
10/31/19,594,872,18.8,874,5,-1.4,-8.9,-2.2,-5.2,-10,93,77.6,45,29.9,29.9,29.8,5429
11/1/19,667,729,19.4,977,6.1,0.1,-7.8,-1.1,-3.7,-8.9,100,78.9,53,29.8,29.8,29.8,5093
11/2/19,678,697,18.8,1022,8.9,3.1,-5,3.9,-2.7,-7.2,93,69.4,43,29.8,29.6,29.5,3701
11/3/19,131,1149,19.4,751,12.2,8.4,5,11.1,7.2,3.9,100,92.7,87,29.5,29.4,29.3,6860
11/4/19,242,968,19.7,575,17.2,13.7,11.1,12.8,11.7,10,94,87.6,77,29.3,29.2,29.1,4464
11/5/19,710,774,19.7,644,17.2,12.8,7.2,13.9,9.1,3.9,100,79.7,48,29.2,29.1,29,5180
11/6/19,502,800,20.6,736,20,12.5,6.1,8.9,7.1,3.9,93,71.1,49,29.3,29.1,29.1,3230
11/7/19,241,1210,19.2,708,10,7.3,2.8,7.8,5.9,1.1,100,90.4,76,29.4,29.4,29.3,6089
11/8/19,228,1209,19.4,708,10,8.5,7.2,7.8,7.5,7.2,100,92.4,87,29.7,29.6,29.4,4840
11/9/19,118,1209,19.8,638,13.9,11.4,8.9,12.8,10.8,7.8,100,96.1,88,29.7,29.6,29.6,7284
11/10/19,148,1209,19.6,600,12.2,10.4,7.8,11.1,9.5,7.2,100,94.8,87,29.6,29.6,29.5,7200
11/11/19,183,1209,19.3,698,13.9,9.4,6.1,12.2,8.1,3.9,100,91.2,77,29.7,29.5,29.4,6376
11/12/19,605,833,20,796,11.1,6.2,0,8.9,4.9,-1.1,100,91.5,76,29.8,29.8,29.7,5711
11/13/19,147,1209,19.4,658,11.1,9.8,7.8,8.9,8.1,7.2,94,89.7,87,29.8,29.7,29.7,8390
11/14/19,354,1089,19,925,8.9,6.8,3.9,7.2,5.2,2.2,100,89.2,76,29.7,29.7,29.7,9576
11/15/19,108,1208,19.3,797,6.1,4.2,2.2,3.9,2.5,1.1,93,88.5,81,29.8,29.7,29.7,7054
11/16/19,116,1209,19.5,742,11.1,8.1,5,7.8,6.4,3.9,93,89.3,82,29.9,29.8,29.8,7704
11/17/19,180,1209,19.5,765,11.1,7.7,2.8,8.9,6.7,2.2,100,92.4,87,29.9,29.9,29.9,7420
11/18/19,102,1209,20.2,850,3.9,2.4,0,2.8,2,0,100,96.4,93,29.9,29.9,29.8,6910
11/19/19,91,1209,19.6,767,7.8,6.2,2.8,7.2,5.9,2.8,100,96.7,93,29.9,29.9,29.9,4552
11/20/19,80,1209,19.2,820,7.2,4,2.2,6.1,3.3,0,100,95.3,87,30.1,30,29.9,10289
11/21/19,143,1209,18.5,919,2.8,-0.9,-6.1,1.1,-4.4,-11.1,93,77.6,64,30.2,30.1,30.1,4706
11/22/19,584,968,18.2,1082,-2.8,-6.7,-10,-11.1,-13.1,-13.9,73,61.3,43,30.2,30.2,30.1,8155
11/23/19,537,1029,19.2,1034,-2.8,-6.3,-8.9,-12.2,-12.7,-13.9,73,61.2,47,30.1,30,30,8240
11/24/19,545,1102,19.8,1054,-2.2,-6.2,-8.9,-7.2,-10.8,-13.9,86,70.3,54,30,29.9,29.9,8669
11/25/19,221,1209,20.2,1008,-2.2,-4.9,-8.9,-5,-7.9,-12.2,86,80.5,74,29.9,29.8,29.7,9432
11/26/19,391,1209,20.7,809,1.1,-1.9,-5,-2.8,-4.4,-7.2,93,82.7,69,29.7,29.6,29.6,7602
11/27/19,119,1209,20,861,0,-2.9,-8.9,-1.1,-4.1,-10,100,91.7,86,29.6,29.5,29.5,7845
11/28/19,112,1209,19.3,937,1.1,-0.3,-1.1,0,-1.4,-2.2,100,92.9,87,29.5,29.4,29.3,8746
11/29/19,72,1209,19.3,813,5,3.2,1.1,5,2.9,0,100,97.9,93,29.3,29.2,29.1,7491
11/30/19,352,1209,19.5,803,6.1,3.3,-2.2,3.9,0.9,-3.9,100,84.5,65,29.5,29.3,29.1,7424
12/1/19,467,1209,19.5,908,2.8,0,-2.8,-2.2,-3.2,-5,93,79.4,60,29.8,29.7,29.5,5472
12/2/19,243,1209,20.3,943,1.1,-0.9,-2.8,-1.1,-3.2,-5,100,84.6,70,29.8,29.7,29.4,6770
12/3/19,113,1209,19.2,923,1.1,-0.4,-2.2,-1.1,-3.3,-6.1,93,80.8,64,29.8,29.5,29.4,7397
12/4/19,470,1209,19.5,967,2.2,-0.2,-2.2,-2.8,-4.4,-6.1,80,73,65,29.9,29.8,29.8,10459
12/5/19,202,1209,19.4,862,3.9,2.1,0,1.1,-0.8,-5,93,82.3,65,29.8,29.8,29.8,5599
12/6/19,455,1209,19.4,873,3.9,-0.3,-2.8,-2.2,-3.9,-6.1,93,77,60,29.8,29.6,29.6,10057
12/7/19,428,1209,19.3,930,2.2,-2.6,-6.1,-2.2,-4.1,-7.2,100,89.8,75,29.6,29.4,29.4,11432
12/8/19,327,1209,19.7,833,6.1,1.6,-2.8,2.8,-0.1,-3.9,100,89.3,76,29.5,29.4,29.4,8889
12/9/19,362,1209,19.4,862,6.1,2.1,-1.1,1.1,0.1,-1.1,100,87.9,70,29.4,29.4,29.4,11785
12/10/19,79,1209,19.6,851,3.9,2.2,-1.1,2.8,1.9,-1.1,100,98,87,29.6,29.5,29.4,7890
12/11/19,105,1149,20.4,785,2.8,1.8,1.1,2.2,1.3,0,100,95.9,87,29.7,29.7,29.6,10480
12/12/19,79,1149,19.4,842,3.9,2.1,1.1,2.8,1.4,0,100,96,87,29.7,29.6,29.5,10809
12/13/19,47,1148,18.8,908,1.1,0.6,0,0,-1.1,-2.2,93,90.3,87,29.5,29.4,29.3,9277
12/14/19,60,1149,18.9,874,2.8,1.4,0,2.8,0.4,-2.2,100,93.8,87,29.3,29.3,29.2,7844
12/15/19,375,1149,19.3,846,7.8,4.9,2.2,5,2.8,0,100,87.1,66,29.5,29.4,29.2,7220
12/16/19,304,1149,19.3,794,10,5.1,0,3.9,1.9,0,100,81.6,66,29.7,29.6,29.5,6423
12/17/19,384,1094,19.3,811,10,4.1,1.1,3.9,2.2,0,100,88.4,62,29.7,29.6,29.6,6649
12/18/19,390,1089,19.4,737,11.1,5.8,0,6.1,3.2,-1.1,100,84.4,67,29.6,29.6,29.6,7565
12/19/19,408,1150,19.3,801,10,4.4,-5,5,2.1,-5,100,85.3,62,29.9,29.8,29.6,7984
12/20/19,367,1021,19,1019,5,-0.3,-6.1,2.2,-1.3,-6.1,100,92.7,76,29.9,29.7,29.5,5604
12/21/19,71,1149,19.5,777,7.8,5.3,2.8,7.2,4.8,2.2,100,96.2,87,29.5,29.3,29.2,7177
12/22/19,58,1149,19.6,770,10,7.2,2.2,8.9,6.4,2.2,100,94.8,87,29.1,29,28.9,5280
12/23/19,97,1209,20.2,715,12.8,9.6,6.1,10,8.4,6.1,100,93.3,82,29.1,29,29,6260
12/24/19,132,1149,19.6,754,7.8,6.8,6.1,6.1,5.6,5,100,92.4,87,29.2,29.2,29.1,4301
12/25/19,45,1269,19.7,864,6.1,5.2,5,5,4.7,3.9,100,97.2,93,29.2,29.2,29.2,7244
12/26/19,68,1149,19.3,768,6.1,4.7,3.9,5,4.1,2.8,100,96.1,93,29.3,29.3,29.2,4596
12/27/19,87,1149,18.6,898,3.9,1.8,1.1,2.8,0.7,0,100,93.3,87,29.4,29.3,29.3,6684
12/28/19,63,1149,18.5,944,2.2,0.9,-1.1,2.2,0.4,-2.2,100,97.1,93,29.7,29.5,29.4,5069
12/29/19,95,1149,19.1,945,-1.1,-1.1,-2.2,-1.1,-2.3,-2.8,100,91.5,86,30.1,29.9,29.7,5420
12/30/19,103,1149,18.9,951,-1.1,-2.3,-3.9,-2.2,-3.6,-5,100,90.9,86,30.1,29.9,29.7,5485
12/31/19,270,1149,19.3,940,5,1.6,-2.2,1.1,-1.9,-5,93,78.5,61,29.6,29.4,29.3,5880
1/1/20,259,1210,19.5,1005,2.8,1.1,-2.2,2.2,-1.6,-5,93,82.5,65,29.8,29.6,29.3,7120
1/2/20,180,1149,19.5,922,1.1,0,-2.2,-2.2,-2.7,-3.9,93,82.3,75,29.8,29.8,29.3,7370
1/3/20,404,909,19.3,1056,2.8,-0.7,-3.9,-1.1,-2.9,-5,100,85.8,65,29.7,29.6,29.7,7500
1/4/20,268,1209,19.8,881,3.9,-0.1,-5,1.1,-2.3,-7.2,93,84.9,75,29.5,29.4,29.6,5780
1/5/20,156,1209,19.9,840,2.8,1.3,0,1.1,0.1,-1.1,100,92.5,87,29.8,29.5,29.3,8680
1/6/20,362,1209,19.6,963,1.1,-0.9,-5,-1.1,-3.7,-7.2,93,82.8,60,29.9,29.9,29.4,8605
1/7/20,325,1209,19.6,886,1.1,-3.2,-7.2,-2.8,-5.1,-7.8,100,87.9,70,29.9,29.9,29.8,8140
1/8/20,386,1209,20,793,2.8,-2.4,-7.2,-1.1,-4.3,-7.8,100,87.9,74,30,29.9,29.9,9279
1/9/20,126,1209,19.5,844,2.2,0.4,-1.1,1.1,-0.6,-5,100,93.3,75,29.8,29.7,29.8,8782
1/10/20,142,1209,19.5,912,2.2,1.7,1.1,2.2,1.4,0,100,98.5,93,29.7,29.6,29.7,7560
1/11/20,203,1209,19.5,744,7.8,4.4,2.2,5,2.7,-2.2,100,89.5,75,29.8,29.6,29.6,8265
1/12/20,401,1209,19.2,539,2.2,0.4,-2.2,-1.1,-2.3,-2.8,93,84.1,70,29.9,29.8,29.5,7980
1/13/20,162,1209,19.3,838,3.9,1.7,-2.2,1.1,-0.6,-2.8,100,84.6,70,29.7,29.7,29.7,8494
1/14/20,277,1209,19.6,815,6.1,1.8,-2.2,1.1,0.1,-2.8,100,89,70,29.9,29.8,29.6,8233
1/15/20,452,1210,19.4,887,5,1.1,-2.8,1.1,-0.4,-2.8,100,90.4,70,30,29.9,29.7,7798
1/16/20,126,1209,19.4,842,2.8,1.8,0,1.1,-0.3,-1.1,93,87.1,81,30,29.9,29.9,8980
1/17/20,221,1209,19.7,856,2.2,0.6,-1.1,0,-0.5,-2.2,100,93.4,87,30.1,30,29.9,7645
1/18/20,99,1209,19.3,873,0,-1.1,-1.1,-1.1,-1.6,-2.2,100,96.7,93,30,30,30,7245
1/19/20,73,1209,19.7,865,-1.1,-1.7,-2.2,-2.2,-2.8,-3.9,100,90.1,86,30.1,30,29.9,9004
1/20/20,158,1209,19.3,871,2.2,-0.1,-2.2,-1.1,-2.5,-3.9,93,84.7,75,30.2,30.2,29.9,8714
1/21/20,517,1209,20,777,6.1,2.9,1.1,0,-2,-2.8,81,71.9,53,30.1,29.9,30.1,6669
1/22/20,112,1209,19.2,961,3.9,2.7,1.1,1.1,-0.2,-2.2,93,82.2,75,29.7,29.5,29.7,8084
1/23/20,419,1209,19.3,918,2.2,0.9,-1.1,-2.2,-3.4,-6.1,81,74.2,56,29.8,29.6,29.3,9192
1/24/20,225,1209,19.3,864,3.9,1.3,-2.2,-1.1,-3,-5,86,73.7,65,29.8,29.6,29.4,8309
1/25/20,280,1209,19.4,886,2.8,1.7,0,-1.1,-2,-3.9,87,78.2,65,29.6,29.5,29.5,8121
1/26/20,245,1209,19.9,826,3.9,2.1,-2.2,0,-1.2,-2.8,100,80.5,61,29.7,29.7,29.5,9906
1/27/20,489,1208,19.8,843,2.2,-0.6,-2.8,-1.1,-1.6,-2.8,100,93.5,81,29.7,29.6,29.6,9155
1/28/20,203,1208,19.7,909,0,-0.7,-2.8,0,-0.9,-3.9,100,98.8,93,29.5,29.4,29.5,10178
1/29/20,99,1209,20,900,2.8,0.8,-1.1,2.8,0.6,-1.1,100,98.7,93,29.3,29.1,29.3,10466
1/30/20,163,1209,19.4,818,3.9,2.2,1.1,1.1,-0.4,-1.1,93,83.9,70,29.3,29.1,29,8260
1/31/20,154,1209,19.6,903,3.9,2.4,1.1,2.2,0.4,-2.8,100,87.4,70,29.3,29.2,29,11745
2/1/20,202,1209,20,806,5,2.8,2.2,5,1.5,0,100,91.5,75,29.3,29.2,29.1,10751
2/2/20,292,1209,20,717,11.1,8.1,5,7.2,4.7,2.2,93,80.1,66,29.2,29.1,29.1,9745
2/3/20,434,1209,19.9,928,7.2,4.3,2.8,2.2,-1.1,-5,87,67.9,49,29.1,29.1,29,9822
2/4/20,533,1060,19.5,891,5,1.7,-1.1,1.1,-1.7,-3.9,100,79.3,53,29.2,29.1,29.1,9427
2/5/20,424,1209,19.9,796,1.1,-0.7,-5,1.1,-3.2,-7.8,100,83.7,60,29.6,29.3,29.1,9041
2/6/20,799,971,19.6,1015,2.2,-2.7,-10,-1.1,-5.8,-12.2,93,80.2,60,29.6,29.5,29.3,8475
2/7/20,600,1209,19.1,1065,0,-5.2,-7.2,-2.8,-9.4,-12.2,93,72.7,63,29.7,29.5,29.3,9600
2/8/20,780,978,19.4,992,-1.1,-4.7,-10,-5,-8.9,-12.2,86,73.8,55,29.9,29.8,29.7,8962
2/9/20,358,1269,19.6,876,1.1,-1.3,-2.8,-3.9,-4.6,-6.1,86,78.3,65,29.9,29.9,29.8,8628
2/10/20,724,1056,19.5,921,3.9,0.4,-3.9,1.1,-3.1,-7.2,100,78.2,65,29.8,29.4,29,6985
2/11/20,687,970,19.7,841,7.8,3.7,1.1,2.2,1,-2.2,100,83.9,53,29,29,28.9,8682
2/12/20,41,1270,19.6,848,3.9,2.6,1.1,1.1,0.1,-2.2,93,84.2,70,29.3,29.1,29,9245
2/13/20,269,1209,19.3,858,2.8,2,1.1,1.1,-0.7,-2.8,100,83.4,70,29.6,29.4,29.3,6129
2/14/20,586,1054,19.8,889,7.2,2.8,-2.2,1.1,-1.9,-3.9,93,73.1,49,29.7,29.7,29.6,6677
2/15/20,128,1209,19.9,832,5,3.2,1.1,2.8,1.9,1.1,100,90.3,81,30,29.8,29.6,7040
2/16/20,501,1209,20,804,6.1,3.2,1.1,2.2,0.9,-2.2,100,85.3,70,30,30,29.9,6784
2/17/20,670,1091,20.4,725,8.9,4.9,2.2,2.2,-0.1,-2.8,76,70.5,61,29.9,29.7,29.6,6500
2/18/20,599,1089,20.1,735,8.9,4.9,1.1,3.9,2.2,0,100,83,66,29.6,29.6,29.5,6594
2/19/20,778,937,19.9,898,10,4.2,0,2.8,-0.3,-3.9,93,75.2,40,29.6,29.6,29.6,7129
2/20/20,445,1209,20.1,803,7.2,3,-1.1,1.1,-1.1,-2.8,93,76.3,57,29.7,29.7,29.6,6680
2/21/20,272,1209,20,833,5,2.7,-2.2,2.2,-0.4,-2.8,93,81.3,61,29.8,29.7,29.7,7713
2/22/20,994,923,20.1,879,7.8,2.6,-2.2,0,-2.1,-3.9,100,74,43,29.9,29.8,29.6,7500
2/23/20,439,1209,19.9,863,8.9,5.2,2.8,2.2,0.8,-1.1,87,73,57,29.6,29.4,29.2,10405
2/24/20,198,1269,19.9,913,5,2.9,1.1,2.8,1.3,-1.1,100,88.8,75,29.3,29,28.8,9745
2/25/20,546,1269,20.5,745,6.1,2.6,-1.1,1.1,-0.6,-2.8,93,80.3,66,29.4,29.3,29.1,9510
2/26/20,693,1221,21,792,10,5.7,1.1,5,2.1,-1.1,93,78,57,29.1,29,28.9,7450
2/27/20,195,1329,20.4,872,6.1,3.7,0,5,2.7,-1.1,100,93.7,81,29.1,29,28.9,9685
2/28/20,1064,979,20.5,959,7.2,2.2,-2.8,-1.1,-3.1,-5,93,71.4,43,29.4,29.3,29.1,9005
2/29/20,1024,974,20.3,939,7.2,1.4,-2.8,-1.1,-2.4,-5,93,78.2,46,29.5,29.5,29.4,9584
3/1/20,592,1329,20.5,823,8.9,4.1,-2.8,2.2,-0.5,-3.9,93,73.2,54,29.5,29.5,29.4,10409
3/2/20,172,1329,20.2,881,7.8,5.3,3.9,5,2.7,1.1,93,83.5,71,29.4,29.4,29.2,9765
3/3/20,1119,917,21,781,13.9,8.3,1.1,6.1,4.1,1.1,100,77,44,29.4,29.3,29.2,6760
3/4/20,403,1207,20.4,670,12.2,8.5,3.9,8.9,6.7,2.8,100,89.5,71,29.4,29.3,29.3,11844
3/5/20,793,1095,20.8,703,16.1,10.4,5,8.9,6.7,2.8,100,77.9,59,29.4,29.3,29.3,8623
3/6/20,659,1209,20.8,705,12.2,8,5,8.9,6.6,5,100,91.4,77,29.3,29.3,29.2,10636
3/7/20,774,1209,20.9,674,13.9,9.4,5,8.9,6.7,3.9,100,85,59,29.4,29.3,29.3,9910
3/8/20,283,1209,20.2,729,10,7.8,6.1,7.8,7.2,6.1,100,96.5,87,29.6,29.6,29.4,10245
3/9/20,234,1210,20.3,786,8.9,7.3,5,8.9,7.1,5,100,98.3,93,29.6,29.6,29.5,8930
3/10/20,36,1209,20,778,8.9,7.8,7.2,7.8,7.1,5,100,93.6,81,29.5,29.4,29.4,10305
3/11/20,890,1089,20,806,12.8,7.1,2.2,7.2,3.9,1.1,93,81.4,51,29.4,29.3,29.2,10246
3/12/20,1426,791,19.9,702,13.9,9.6,3.9,7.2,2.5,-3.9,87,63,33,29.5,29.4,29.3,10965
3/13/20,1326,905,19.6,633,13.9,10.7,7.2,7.2,0,-7.2,71,49.5,26,29.4,29.3,29.2,10545
3/14/20,1108,804,18.9,854,10,4.7,0,2.8,-2.1,-7.8,93,63.8,34,29.6,29.4,29.3,11660
3/15/20,1476,731,18.4,979,3.9,0,-3.9,-6.1,-9.4,-12.8,74,51.6,33,29.9,29.8,29.6,9700
3/16/20,1613,549,19.7,902,8.9,0.7,-7.2,-6.1,-9.1,-12.8,80,53.6,22,30,30,29.9,8239
3/17/20,592,549,18.4,1032,7.2,3.2,-2.2,-1.1,-4.5,-7.8,100,59.6,42,29.9,29.8,29.8,11310
3/18/20,1523,419,18.9,935,12.8,3.3,-5,1.1,-2,-6.1,100,73.9,38,30,29.9,29.9,9504
3/19/20,1509,0,18.5,821,18.9,8.3,-1.1,2.8,0.1,-2.8,93,61.6,28,29.9,29.7,29.6,12200
3/20/20,1737,0,18.1,652,12.8,9.1,3.9,6.1,-2.3,-11.1,76,48.4,21,29.7,29.7,29.6,10246
3/21/20,776,0,17.6,1017,10,6.7,2.8,0,-2.8,-6.1,75,52.3,34,29.6,29.6,29.5,11060
3/22/20,359,0,16.8,1074,3.9,1.7,-1.1,0,-2.3,-7.8,100,77.2,49,29.9,29.7,29.6,7980
3/23/20,1914,0,18.1,1129,2.8,-1.2,-6.1,-7.8,-11.4,-15,69,48.8,28,30.1,30,29.9,7240
3/24/20,1811,0,18.4,1138,3.9,-1.9,-7.2,-8.9,-11.5,-15,74,52,24,30.2,30.1,30.1,9265
3/25/20,1859,0,16.8,912,7.8,0.9,-6.1,-8.9,-11.1,-13.9,74,45.8,20,30.2,30.2,30.1,8140
3/26/20,1738,0,16.8,726,12.2,3.8,-5,-7.2,-9.8,-12.8,69,41.5,19,30.2,30.1,30,7910
3/27/20,1575,0,16.8,421,17.2,8,-2.2,-5,-8.4,-12.8,64,35.5,12,30,29.9,29.7,8466
3/28/20,1382,0,16.7,641,18.9,11,3.9,-3.9,-6.9,-12.2,52,30.3,11,29.7,29.6,29.4,5460
3/29/20,1515,0,17.3,624,18.9,9.7,0,0,-4.6,-7.8,75,42.8,15,29.4,29.3,29.2,5640
3/30/20,1406,0,16.8,732,11.1,5.5,-1.1,1.1,-1,-3.9,80,63.7,49,29.5,29.3,29.1,7205
3/31/20,1473,0,16.5,799,5,0.1,-6.1,-2.8,-7.4,-15,86,60.3,28,29.7,29.6,29.5,5956
4/1/20,1509,0,16.6,759,7.8,0.8,-7.8,-6.1,-10.1,-12.2,74,47.7,27,29.7,29.6,29.5,6180
4/2/20,2003,0,16.8,653,12.2,4.6,-2.8,-7.8,-8.9,-11.1,69,40.6,21,29.5,29.5,29.4,4741
4/3/20,1978,0,17.3,611,16.1,6.9,-3.9,-6.1,-8.4,-11.1,74,38.8,16,29.4,29.4,29.3,4605
4/4/20,1946,135,17.7,655,13.9,6.6,-1.1,-2.2,-8.3,-12.8,75,38.8,16,29.9,29.7,29.4,5461
4/5/20,2189,130,17.9,654,12.2,4.7,-2.8,-3.9,-9.2,-12.2,80,40.4,18,30.1,30,29.9,4740
4/6/20,2108,130,18,641,15,5.9,-5,-2.8,-7.3,-10,86,43.7,20,30.2,30.1,30.1,4530
4/7/20,2011,130,18.1,633,17.8,8.1,-2.8,-2.8,-4.9,-7.2,86,45.1,19,30.2,30.1,30,7474
4/8/20,1990,190,19.4,616,22.2,11.4,2.2,-1.1,-4.3,-7.2,65,36.9,17,30,29.8,29.7,7980
4/9/20,2082,250,18.9,611,21.1,10.4,-1.1,2.8,-1.2,-5,87,49.9,21,29.8,29.7,29.5,7779
4/10/20,1469,250,17.9,651,13.9,9.7,2.2,6.1,-2.3,-10,76,45.5,21,29.6,29.5,29.4,6360
4/11/20,1877,550,18.6,716,13.9,6.3,-2.8,-3.9,-7.2,-11.1,80,42.6,21,29.8,29.7,29.6,6880
4/12/20,2164,370,18.3,674,12.8,4.8,-6.1,-3.9,-9.8,-12.8,80,39.7,17,29.9,29.8,29.7,8490
4/13/20,2094,439,19.4,631,22.2,12.4,0,0,-3.6,-10,52,34.8,20,29.7,29.4,29.2,5957
4/14/20,292,490,17.2,898,15,5.6,1.1,5,0.5,-2.8,100,75.5,31,29.4,29.3,29.2,8605
4/15/20,1615,549,19,772,8.9,4.4,-2.2,0,-3.6,-7.8,93,60.2,32,29.5,29.4,29.4,6666
4/16/20,1370,549,19,689,20,11.9,6.1,2.2,0.3,-6.1,76,49.5,18,29.5,29.3,29.1,10123
4/17/20,1979,549,18.5,636,13.9,9.6,5,1.1,-3.8,-11.1,70,42.7,18,29.4,29.4,29.3,5202
4/18/20,2088,548,18.4,681,12.2,6.3,0,-1.1,-5.1,-8.9,81,48.5,22,29.6,29.5,29.4,7939
4/19/20,1761,549,18.5,688,12.8,7.1,-1.1,0,-5.4,-7.8,81,45.5,23,29.6,29.5,29.5,5840
4/20/20,1523,549,18,786,11.1,6,-1.1,2.2,-1.4,-5,100,63.3,35,29.7,29.6,29.6,9190
4/21/20,1467,489,17.9,760,10,6.1,0,-1.1,-3,-5,75,53.6,35,29.7,29.7,29.7,5525
4/22/20,1897,489,18.5,665,16.1,8.2,-1.1,1.1,-2.7,-6.1,81,50.5,25,29.7,29.7,29.6,5705
4/23/20,2501,489,19.2,658,17.8,9.7,-1.1,-1.1,-6.3,-10,86,39.3,14,29.7,29.6,29.5,5084
4/24/20,1942,489,19.1,643,20,12.7,2.8,1.1,-2.1,-5,61,38.4,24,29.5,29.3,29.2,5980
4/25/20,1599,1208,19.9,519,22.2,12.6,5,8.9,2.7,-2.2,100,55,25,29.2,29,28.9,5181
4/26/20,1015,1209,18.6,642,12.2,8.9,2.8,8.9,2.5,-2.8,100,69.1,38,29.3,29.1,28.9,5812
4/27/20,1923,550,19,659,16.1,9.7,1.1,0,-2.7,-3.9,70,43.8,25,29.4,29.4,29.3,6868
4/28/20,2463,489,20.1,647,20,11.2,-1.1,2.2,-0.9,-2.8,87,49.4,24,29.5,29.4,29.4,5510
4/29/20,2476,489,20.9,596,23.9,15.6,6.1,6.1,2.4,0,76,44.9,22,29.4,29.3,29.2,6261
4/30/20,1726,489,20.6,571,25,15.9,10,12.2,8.9,6.1,100,65.2,36,29.3,29.2,29.2,5185
5/1/20,1385,489,19.9,623,16.1,12.6,10,12.2,10.4,8.9,100,87.9,72,29.4,29.3,29.3,7398
5/2/20,1923,489,20.9,509,23.9,15.8,10,12.8,10.5,7.8,100,74.8,38,29.3,29.3,29.2,4879
5/3/20,1902,700,21.4,500,23.9,16.9,11.1,12.2,10.6,7.8,100,68.5,38,29.3,29.3,29.2,7106
5/4/20,1799,489,21,591,22.8,15.8,11.1,12.8,11.4,10,100,76.3,44,29.4,29.3,29.3,5034
5/5/20,1360,489,19.8,510,17.8,14,7.8,12.8,11.1,7.8,100,83.2,64,29.4,29.3,29.3,6266
5/6/20,1635,609,20.7,517,17.2,11.9,7.2,10,8,5,94,78.8,52,29.3,29.2,29.2,3964
5/7/20,612,609,19.2,965,8.9,7.3,6.1,7.8,5.7,3.9,93,89,76,29.4,29.3,29.2,6662
5/8/20,2380,549,21.7,717,15,10.2,6.1,6.1,2.2,-2.8,100,62.3,31,29.5,29.5,29.4,3581
5/9/20,2343,669,21.7,688,17.8,11.7,2.8,5,1.3,-2.2,87,54.1,27,29.5,29.5,29.4,11440
5/10/20,2455,669,22.6,635,22.2,15.9,8.9,7.8,5,2.8,82,51.4,31,29.4,29.4,29.4,4479
5/11/20,2402,549,23.4,607,27.8,18.8,7.2,10,7.4,6.1,93,52.4,28,29.4,29.3,29.1,8080
5/12/20,890,548,20.5,723,21.1,13.8,6.1,15,6.8,-2.2,94,64.5,40,29.5,29.2,29,13295
5/13/20,2744,548,21.5,714,16.1,9.6,1.1,2.2,-0.9,-2.8,87,51.3,29,29.7,29.6,29.5,17126
5/14/20,376,1208,20.8,770,13.9,10.4,7.2,11.1,6.9,0,94,80.1,44,29.5,29.4,29.3,14835
5/15/20,2343,549,21.7,719,16.1,10.4,2.8,7.2,3.4,-1.1,100,66.2,31,29.6,29.6,29.5,9005
5/16/20,2297,548,21.5,697,17.8,12.6,7.8,7.8,5.6,2.2,100,66.3,37,29.7,29.6,29.5,16040
5/17/20,1509,609,21.4,713,18.9,12.8,5,10,6.3,2.8,94,66.6,42,29.7,29.6,29.5,7444
5/18/20,2068,609,21.9,720,18.9,13.6,10,10,5.7,2.2,94,62.3,34,29.7,29.6,29.5,10055
5/19/20,767,1028,21.8,798,16.1,11.5,7.2,12.8,9.3,3.9,100,86.7,66,29.7,29.6,29.4,14367
5/20/20,1597,489,21.3,643,16.1,13.2,8.9,12.2,9.1,3.9,94,76.8,52,29.5,29.4,29.4,15790
5/21/20,2672,429,21.7,666,16.1,10.1,3.9,3.9,0.7,-2.2,87,56.3,29,29.5,29.5,29.5,6723
5/22/20,1869,489,20,711,12.2,8.2,5,6.1,2.8,1.1,81,69.8,50,29.6,29.6,29.5,9175
5/23/20,1785,489,19.9,665,12.8,9.5,3.9,6.1,3.8,2.2,93,69.8,47,29.7,29.6,29.6,8372
5/24/20,1940,490,20.5,643,17.2,10.9,2.8,6.1,3.8,2.2,100,65,42,29.7,29.7,29.6,7610
5/25/20,404,1379,21.1,836,12.2,10.9,10,11.1,8.8,6.1,100,88,67,29.7,29.7,29.6,7900
5/26/20,1188,1150,20.4,610,15,12,10,11.1,10.2,8.9,100,89.2,72,29.8,29.7,29.7,10261
5/27/20,1342,599,20.7,616,17.8,12.6,8.9,12.2,10.2,8.9,100,86.2,59,29.8,29.7,29.7,5705
5/28/20,1174,680,20.2,657,17.2,12.2,7.8,12.8,10.7,7.8,100,91.4,72,29.7,29.6,29.4,10697
5/29/20,728,430,20.3,717,17.8,14.7,12.2,13.9,12.1,11.1,100,85.3,64,29.4,29.3,29.3,7234
5/30/20,466,310,20,698,17.2,13.9,12.2,13.9,12.4,10,100,91.5,68,29.3,29.2,29.1,8939
5/31/20,1338,250,20,564,17.8,13.4,10,11.1,9.7,7.8,94,79.3,59,29.3,29.3,29.2,6104
6/1/20,1266,250,19.4,694,33.9,29.7,25,28.9,26.2,23.9,100,80.9,52,29.3,29.3,29.3,10040